price,number_of_reviews
12500,0
11500,51
8499,0
6001,0
5000,1
3500,0
3500,0
3490,0
3000,19
2750,0
2750,0
2001,30
2001,0
2001,2
1999,1
1999,5
1999,0
1500,69
1500,1
1500,0
1500,0
1451,0
1400,10
1400,1
1400,0
1400,1
1300,0
1281,2
1281,0
1260,25
1250,2
1201,3
1201,7
1200,13
1200,17
1180,1
1110,1
1100,35
1100,0
1100,0
1025,0
1014,4
1005,15
1000,0
1000,4
1000,0
1000,28
1000,39
1000,0
1000,6
1000,2
1000,0
1000,8
1000,18
1000,18
1000,2
1000,1
1000,5
1000,6
1000,1
1000,1
1000,8
1000,0
995,2
981,2
980,6
959,1
950,3
950,0
949,8
949,2
949,0
949,1
930,39
925,18
901,1
901,0
901,1
901,2
900,2
900,28
900,8
895,40
880,1
870,0
857,1
850,9
850,0
850,9
850,0
845,21
839,0
825,5
806,2
800,38
800,10
800,4
800,6
800,0
799,64
799,2
799,1
799,5
799,16
799,6
799,2
799,4
799,1
799,2
797,15
796,0
795,1
795,3
790,0
789,26
785,1
779,0
759,3
759,0
750,4
750,6
750,3
750,23
750,13
750,3
749,2
749,16
744,9
737,0
719,3
715,2
709,0
699,0
699,15
699,14
699,11
699,22
699,5
699,1
699,1
699,0
699,6
699,5
699,0
695,27
695,4
692,1
692,0
689,14
689,3
685,4
682,0
679,11
679,0
679,0
675,1
669,19
661,6
661,7
661,2
659,5
651,23
651,41
651,80
651,17
651,15
651,4
651,0
651,11
651,0
651,4
651,0
649,61
649,8
649,4
649,12
649,5
649,1
649,0
649,0
645,10
645,101
631,136
631,37
631,43
625,0
625,17
625,2
625,4
625,1
625,1
620,3
608,23
608,0
605,6
601,69
601,34
601,107
601,11
601,0
601,51
601,3
601,15
601,10
601,27
601,6
601,7
601,15
601,14
601,8
601,10
601,5
601,7
601,0
601,9
601,2
601,2
600,4
600,38
600,0
600,2
600,8
600,9
600,12
600,1
600,2
600,1
600,17
600,2
600,0
600,1
600,2
600,4
600,0
600,0
600,0
599,1
599,0
596,5
595,4
595,30
595,27
595,6
595,2
595,3
591,9
591,18
591,0
590,0
588,1
578,1
578,2
578,0
577,4
575,21
575,22
575,28
575,34
575,6
575,3
573,2
571,43
561,9
560,22
554,10
553,7
553,0
552,5
551,21
551,47
551,153
551,5
551,6
551,17
551,10
551,35
551,13
551,42
551,21
551,5
551,11
551,44
551,29
551,0
551,15
551,16
551,5
551,0
551,0
550,1
550,33
550,13
550,1
550,5
550,146
550,32
550,0
550,15
550,20
550,13
550,4
550,15
550,5
549,43
549,1
548,37
546,34
546,10
546,1
544,38
544,12
544,7
543,1
540,34
540,0
539,0
535,4
533,0
533,0
532,46
531,31
531,2
531,26
526,18
526,1
525,64
525,1
525,6
521,4
521,0
521,0
520,3
519,4
518,8
518,5
517,15
516,11
516,0
510,0
508,1
507,5
505,10
503,0
501,5
501,69
501,83
501,0
501,44
501,9
501,61
501,31
501,15
501,59
501,5
501,35
501,24
501,11
501,9
501,9
501,66
501,21
501,0
501,1
501,2
501,5
501,8
501,18
501,8
501,3
501,3
501,0
500,38
500,0
500,2
500,0
500,0
500,0
500,11
500,23
500,64
500,5
500,5
500,5
500,4
500,2
500,1
500,6
500,0
500,3
500,3
500,12
500,1
500,0
500,2
500,1
500,0
500,0
499,75
498,5
498,3
498,25
498,0
498,30
496,2
496,57
496,7
496,8
496,7
496,9
495,46
495,0
495,2
495,2
493,1
493,0
492,0
491,33
491,11
490,9
489,8
486,0
486,1
485,30
485,3
481,42
481,9
481,0
481,34
481,2
480,2
480,78
480,27
480,0
480,9
480,5
480,0
478,19
476,1
475,8
475,1
475,0
475,32
475,34
475,5
475,17
475,2
475,2
475,1
475,1
473,27
471,3
471,1
470,27
468,19
468,28
465,11
465,66
465,5
465,55
465,1
465,1
461,3
461,5
461,1
460,4
460,2
458,1
458,0
455,13
455,70
451,0
450,7
450,31
450,20
450,3
450,47
450,4
450,2
450,15
450,12
450,14
450,25
450,47
450,22
450,8
450,4
450,23
450,21
450,75
450,165
450,14
450,19
450,1
450,18
450,0
450,3
450,18
450,8
450,3
450,53
450,40
450,0
450,14
450,5
450,5
450,0
450,0
450,1
450,2
450,12
450,2
450,10
450,3
450,7
450,7
450,30
450,0
450,2
450,4
450,2
450,0
450,1
450,5
450,1
450,6
450,2
450,2
450,0
450,0
450,0
447,0
445,23
445,10
443,0
442,3
442,1
440,11
440,12
440,10
439,31
439,0
439,5
439,0
439,0
438,0
438,3
437,1
435,45
435,3
435,0
435,1
434,0
433,1
433,1
433,2
432,0
430,1
429,3
425,45
425,6
425,0
425,22
425,10
425,17
425,40
425,48
425,5
425,12
425,0
425,22
425,12
425,3
425,4
425,1
425,0
425,0
424,0
423,11
423,1
420,36
420,93
420,20
420,11
420,36
420,16
420,2
419,1
419,52
419,3
419,4
419,7
419,0
419,0
419,0
418,0
415,14
415,7
415,12
414,1
412,0
412,2
410,28
410,18
410,0
410,0
409,8
409,29
409,5
409,27
409,0
408,0
408,1
405,0
401,1
401,24
401,1
401,6
401,4
401,14
401,20
401,26
401,48
401,61
401,0
401,13
401,6
401,11
401,28
401,2
401,1
401,43
401,87
401,0
401,3
401,4
401,1
401,27
401,0
401,8
401,2
401,10
401,1
401,2
401,23
401,0
401,1
401,0
401,0
400,36
400,18
400,37
400,7
400,8
400,12
400,56
400,48
400,60
400,14
400,55
400,14
400,11
400,43
400,16
400,25
400,18
400,8
400,14
400,1
400,55
400,5
400,3
400,4
400,11
400,10
400,7
400,2
400,6
400,8
400,7
400,30
400,34
400,3
400,23
400,2
400,3
400,17
400,16
400,6
400,1
400,6
400,4
400,1
400,1
400,0
400,0
399,8
398,80
398,32
396,0
395,48
395,87
395,15
395,26
395,37
395,2
395,21
395,1
395,2
395,0
395,0
395,0
393,21
393,1
392,25
392,2
391,10
391,63
391,20
391,117
391,33
391,5
391,0
390,37
390,9
390,1
390,0
388,0
385,137
385,6
385,42
385,30
385,1
385,9
385,6
385,2
385,0
385,4
385,15
385,14
385,22
385,45
385,1
385,1
385,0
385,6
385,4
385,0
385,0
385,0
383,4
383,2
382,27
381,5
381,171
381,20
381,12
381,0
381,0
381,10
381,23
381,16
380,31
380,20
380,22
380,41
380,2
380,35
380,10
380,8
380,3
380,38
380,10
380,20
380,4
380,5
380,1
380,2
379,10
379,13
375,37
375,4
375,10
375,42
375,4
375,28
375,15
375,9
375,45
375,0
375,10
375,19
375,8
375,65
375,8
375,4
375,0
375,5
375,1
375,1
375,1
375,4
375,1
375,0
373,6
371,3
371,14
371,15
371,3
371,0
370,55
370,63
370,6
370,11
368,12
368,4
368,2
368,1
368,8
368,0
368,2
368,1
366,1
365,9
365,23
365,8
365,0
365,59
365,1
365,0
363,46
363,43
363,0
363,0
361,63
361,0
361,36
361,1
361,6
361,10
361,54
361,32
361,2
361,0
361,12
361,14
361,45
361,8
361,2
360,23
360,9
360,30
360,28
360,58
360,0
360,13
360,29
360,9
360,5
360,2
359,0
359,89
359,1
359,0
358,68
358,0
358,3
358,1
358,1
355,5
355,66
355,14
355,63
353,0
352,3
352,0
350,0
350,1
350,113
350,17
350,0
350,17
350,0
350,0
350,4
350,3
350,26
350,55
350,20
350,73
350,30
350,62
350,20
350,61
350,34
350,1
350,38
350,1
350,22
350,24
350,12
350,33
350,33
350,10
350,6
350,6
350,27
350,28
350,38
350,12
350,19
350,27
350,10
350,13
350,88
350,12
350,46
350,13
350,2
350,73
350,7
350,0
350,4
350,9
350,31
350,2
350,16
350,13
350,2
350,9
350,26
350,17
350,11
350,12
350,28
350,6
350,13
350,10
350,17
350,30
350,36
350,31
350,119
350,1
350,57
350,40
350,6
350,0
350,5
350,8
350,0
350,6
350,16
350,14
350,0
350,41
350,9
350,6
350,10
350,10
350,3
350,0
350,0
350,0
350,19
350,138
350,22
350,22
350,8
350,2
350,18
350,25
350,19
350,2
350,11
350,0
350,10
350,8
350,0
350,4
350,3
350,11
350,5
350,8
350,20
350,0
350,15
350,0
350,7
350,17
350,0
350,5
350,0
350,4
350,3
350,3
350,0
350,3
350,6
350,1
350,7
350,13
350,13
350,9
350,5
350,6
350,2
350,8
350,2
350,6
350,0
350,1
350,1
350,1
350,0
350,7
350,0
350,1
350,0
350,1
350,0
350,0
350,0
350,1
350,0
350,0
350,0
349,28
349,0
349,6
349,1
349,1
349,8
348,0
348,0
346,5
346,1
345,9
345,125
345,33
345,3
345,25
345,2
345,23
345,7
340,41
340,73
340,60
340,34
340,0
340,2
340,10
340,20
340,1
338,35
338,1
336,9
336,0
336,1
336,0
335,14
335,5
335,29
335,1
335,1
335,1
335,3
335,7
333,19
333,29
333,0
332,20
332,0
332,2
332,0
332,0
330,25
330,66
330,54
330,24
330,11
330,50
330,50
330,44
330,46
330,18
330,29
330,46
330,46
330,3
330,7
330,1
330,2
330,10
330,19
330,0
330,11
330,0
330,7
330,7
330,8
330,9
329,57
329,10
329,0
328,0
328,1
328,0
328,0
328,2
328,40
328,0
328,0
328,0
328,0
328,5
326,38
326,23
325,21
325,6
325,166
325,27
325,24
325,20
325,8
325,16
325,21
325,46
325,13
325,10
325,5
325,3
325,5
325,2
325,23
325,3
325,3
325,0
325,12
325,53
325,1
325,5
325,11
325,11
325,35
325,1
325,16
325,25
325,16
325,9
325,1
325,6
325,5
325,2
325,0
325,3
325,0
323,2
323,50
322,27
320,9
320,7
320,50
320,30
320,14
320,1
320,2
320,99
320,6
320,28
320,42
320,0
320,0
320,49
320,23
320,37
320,51
320,16
320,23
320,28
320,13
320,6
320,13
320,0
320,33
320,10
320,0
320,17
320,29
320,9
320,2
320,0
320,10
320,2
320,9
320,0
320,1
320,0
319,0
315,54
315,15
315,49
315,1
315,34
315,0
315,0
313,1
313,5
312,1
310,1
310,55
310,46
310,32
310,3
310,7
310,4
310,10
310,14
310,2
310,2
310,0
310,35
310,16
310,5
310,8
310,1
310,0
310,20
310,0
307,17
307,3
307,0
307,0
306,25
306,5
306,4
305,19
305,0
305,3
305,1
305,0
303,0
302,8
302,38
302,4
302,0
300,33
300,118
300,2
300,87
300,14
300,0
300,66
300,64
300,6
300,13
300,128
300,9
300,6
300,12
300,21
300,33
300,36
300,0
300,68
300,37
300,12
300,21
300,181
300,14
300,4
300,21
300,17
300,40
300,31
300,11
300,47
300,101
300,6
300,12
300,4
300,8
300,10
300,7
300,47
300,1
300,67
300,0
300,102
300,13
300,179
300,10
300,26
300,10
300,14
300,12
300,3
300,130
300,28
300,42
300,5
300,39
300,35
300,6
300,8
300,13
300,17
300,1
300,8
300,73
300,15
300,2
300,15
300,1
300,29
300,4
300,8
300,18
300,45
300,5
300,48
300,7
300,35
300,79
300,2
300,7
300,103
300,0
300,0
300,32
300,8
300,8
300,4
300,18
300,20
300,2
300,41
300,16
300,8
300,56
300,46
300,13
300,15
300,3
300,15
300,35
300,19
300,0
300,121
300,1
300,2
300,29
300,57
300,30
300,2
300,6
300,12
300,0
300,42
300,28
300,9
300,7
300,19
300,1
300,10
300,12
300,30
300,67
300,10
300,9
300,0
300,20
300,4
300,46
300,25
300,37
300,4
300,9
300,10
300,50
300,7
300,14
300,20
300,3
300,0
300,32
300,1
300,9
300,4
300,7
300,1
300,0
300,1
300,8
300,11
300,2
300,10
300,23
300,10
300,9
300,11
300,3
300,6
300,2
300,0
300,9
300,0
300,0
300,0
300,7
300,2
300,2
300,7
300,2
300,4
300,1
300,1
300,2
300,0
300,0
300,0
300,0
300,5
300,1
300,3
300,1
300,0
299,0
299,140
299,2
299,42
299,36
299,31
299,2
299,6
299,1
299,0
299,0
299,1
297,3
297,0
297,1
297,0
297,13
296,6
296,12
296,1
296,0
296,1
295,34
295,52
295,12
295,24
295,0
295,3
295,10
295,81
295,5
295,7
295,2
295,4
295,0
295,1
295,0
295,0
295,28
295,8
295,11
295,2
295,0
295,0
294,0
294,4
294,20
294,21
294,61
294,10
294,15
294,24
294,13
294,12
294,8
294,26
294,42
294,4
294,1
294,26
294,33
294,8
294,3
294,8
294,15
294,21
294,6
294,1
294,0
294,0
293,1
293,4
292,16
292,4
292,2
292,0
292,0
292,0
290,33
290,4
290,1
290,33
290,52
290,5
290,5
290,17
290,18
290,22
290,75
290,26
290,8
290,58
290,7
290,20
290,19
290,37
290,1
290,3
290,5
290,15
290,29
290,5
290,3
290,4
290,2
290,6
290,10
290,8
290,0
290,0
290,0
290,0
290,0
290,3
289,12
289,36
289,2
289,10
289,12
289,5
287,19
287,0
287,0
286,9
286,5
286,0
286,0
286,0
285,26
285,14
285,41
285,30
285,17
285,5
285,66
285,0
285,18
285,7
285,0
285,16
285,3
284,13
284,37
284,10
284,40
284,40
284,9
284,19
283,51
283,15
283,7
283,3
282,9
282,0
282,0
282,0
282,4
282,1
282,0
282,0
280,19
280,8
280,8
280,63
280,21
280,22
280,32
280,8
280,6
280,0
280,59
280,50
280,0
280,30
280,13
280,6
280,33
280,2
280,18
280,55
280,69
280,21
280,51
280,125
280,4
280,25
280,32
280,22
280,14
280,1
280,3
280,6
280,23
280,27
280,13
280,5
280,2
280,15
280,0
280,0
280,0
280,0
280,16
280,8
280,2
280,2
280,7
280,4
280,17
280,3
280,1
280,3
280,7
280,1
280,0
280,0
280,2
280,1
280,1
280,1
280,2
280,0
280,0
279,3
279,53
279,6
279,17
279,3
279,0
279,94
279,0
279,0
277,23
277,0
277,1
276,2
275,28
275,9
275,38
275,15
275,16
275,8
275,16
275,4
275,32
275,0
275,25
275,32
275,2
275,17
275,0
275,2
275,19
275,1
275,72
275,8
275,5
275,0
275,0
275,3
275,47
275,6
275,0
275,4
275,1
275,0
275,0
275,0
274,3
274,35
274,5
274,33
274,28
274,4
274,54
274,12
274,11
274,18
274,19
274,2
274,2
274,1
274,0
274,59
274,10
274,1
274,7
274,0
274,2
274,0
274,1
274,1
274,0
274,0
274,11
274,50
274,7
274,3
274,0
274,1
273,53
273,0
272,36
271,7
271,63
270,134
270,51
270,100
270,80
270,22
270,38
270,61
270,41
270,83
270,11
270,11
270,4
270,17
270,52
270,28
270,37
270,11
270,18
270,17
270,9
270,18
270,73
270,32
270,0
270,2
270,17
270,39
270,1
270,1
270,2
270,1
270,0
270,1
270,0
270,0
270,0
269,33
269,21
269,22
269,9
269,15
269,1
269,4
269,18
269,15
267,8
267,0
267,16
267,0
267,1
266,86
266,4
266,15
266,16
266,2
266,91
266,15
266,4
266,7
266,0
266,36
266,4
265,9
265,65
265,7
265,30
265,1
265,8
265,0
265,4
265,0
265,0
265,0
265,1
264,1
264,1
264,0
263,14
263,11
263,11
263,1
263,0
263,0
262,35
262,48
262,0
262,0
262,70
261,42
261,4
260,1
260,79
260,64
260,126
260,16
260,199
260,44
260,25
260,53
260,90
260,23
260,1
260,70
260,34
260,94
260,38
260,107
260,44
260,30
260,59
260,31
260,197
260,7
260,75
260,8
260,4
260,6
260,28
260,32
260,30
260,11
260,16
260,17
260,61
260,27
260,50
260,0
260,1
260,0
260,27
260,8
260,3
260,3
260,0
260,0
260,43
260,58
260,12
260,2
260,13
260,5
260,2
260,26
260,3
260,16
260,0
260,1
260,25
260,1
260,0
260,0
260,7
260,1
260,0
260,1
259,9
259,28
259,1
259,0
259,0
259,0
259,0
259,0
257,22
257,5
256,26
256,8
256,65
256,19
256,3
256,56
256,11
256,3
256,0
256,1
256,0
255,68
255,8
255,6
255,14
255,10
255,15
255,9
255,0
255,1
253,2
253,3
253,2
253,1
253,2
253,3
253,0
253,0
253,0
253,2
252,9
252,0
252,0
251,8
251,4
250,73
250,18
250,192
250,0
250,30
250,7
250,23
250,35
250,39
250,0
250,37
250,14
250,5
250,11
250,12
250,278
250,132
250,21
250,6
250,24
250,231
250,7
250,8
250,3
250,18
250,7
250,10
250,40
250,9
250,2
250,19
250,6
250,105
250,35
250,0
250,1
250,2
250,18
250,0
250,0
250,30
250,4
250,3
250,35
250,0
250,142
250,35
250,32
250,113
250,18
250,12
250,160
250,12
250,17
250,23
250,221
250,4
250,48
250,2
250,30
250,5
250,9
250,4
250,22
250,31
250,1
250,44
250,28
250,28
250,15
250,10
250,32
250,1
250,35
250,33
250,41
250,52
250,5
250,67
250,44
250,30
250,2
250,145
250,12
250,22
250,6
250,96
250,16
250,29
250,24
250,2
250,29
250,27
250,92
250,0
250,3
250,1
250,25
250,10
250,81
250,335
250,61
250,22
250,12
250,26
250,55
250,15
250,53
250,57
250,0
250,0
250,80
250,50
250,112
250,1
250,0
250,1
250,0
250,43
250,31
250,6
250,95
250,66
250,127
250,17
250,0
250,56
250,0
250,55
250,2
250,10
250,23
250,17
250,14
250,27
250,1
250,10
250,0
250,39
250,35
250,14
250,22
250,1
250,6
250,16
250,22
250,0
250,5
250,21
250,1
250,16
250,2
250,8
250,9
250,11
250,3
250,16
250,7
250,1
250,51
250,28
250,8
250,5
250,14
250,0
250,2
250,40
250,31
250,53
250,1
250,13
250,124
250,1
250,37
250,4
250,6
250,32
250,45
250,30
250,8
250,14
250,5
250,36
250,2
250,24
250,73
250,21
250,15
250,3
250,35
250,1
250,23
250,19
250,3
250,2
250,32
250,59
250,5
250,11
250,6
250,20
250,44
250,14
250,13
250,6
250,3
250,5
250,41
250,11
250,23
250,7
250,0
250,0
250,38
250,13
250,13
250,3
250,3
250,12
250,115
250,21
250,19
250,20
250,3
250,3
250,6
250,36
250,14
250,53
250,0
250,16
250,0
250,10
250,20
250,3
250,10
250,23
250,8
250,40
250,8
250,8
250,7
250,19
250,8
250,0
250,0
250,34
250,9
250,2
250,11
250,0
250,9
250,22
250,1
250,2
250,3
250,3
250,18
250,4
250,2
250,9
250,2
250,3
250,3
250,2
250,0
250,7
250,1
250,3
250,2
250,1
250,1
250,4
250,0
250,1
250,4
250,0
250,15
250,3
250,0
250,3
250,3
250,0
250,2
250,0
250,2
250,0
250,0
250,0
250,0
250,0
249,63
249,13
249,16
248,20
248,1
248,202
248,16
248,51
248,11
248,13
248,1
248,16
248,0
248,0
248,1
248,1
248,0
247,4
247,1
247,6
246,123
246,81
246,81
246,0
246,54
246,51
246,3
246,30
246,17
246,9
246,1
246,40
246,3
246,18
246,8
246,4
246,0
245,66
245,41
245,0
245,31
245,19
245,0
245,30
245,34
245,25
245,30
244,0
243,0
242,56
242,23
242,1
242,0
242,37
242,12
242,0
242,0
241,13
241,2
241,3
241,7
241,2
241,2
241,13
241,1
241,0
241,44
241,0
240,40
240,48
240,100
240,11
240,57
240,137
240,3
240,86
240,33
240,31
240,28
240,1
240,2
240,14
240,10
240,19
240,25
240,68
240,3
240,0
240,24
240,50
240,32
240,102
240,7
240,78
240,102
240,9
240,45
240,46
240,73
240,21
240,17
240,97
240,83
240,93
240,113
240,5
240,26
240,35
240,56
240,54
240,2
240,0
240,4
240,1
240,10
240,2
240,1
240,10
240,25
240,23
240,3
240,36
240,37
240,8
240,7
240,15
240,32
240,8
240,8
240,1
240,12
240,5
240,4
240,3
240,2
240,15
240,48
240,13
240,0
240,1
240,11
240,13
240,5
240,5
240,0
240,6
240,1
240,5
240,8
240,0
239,20
239,4
239,2
238,58
238,8
238,6
237,47
237,82
237,40
237,15
237,1
237,1
237,8
237,0
237,1
236,15
236,0
236,30
236,41
236,110
236,42
236,0
236,26
236,1
236,6
236,1
236,9
236,17
236,30
236,2
236,11
236,35
236,4
236,0
236,70
236,0
236,96
236,12
236,38
236,4
236,4
236,4
235,19
235,165
235,0
235,19
235,1
235,48
235,27
235,26
235,0
234,68
233,0
233,1
232,43
232,1
231,1
230,59
230,5
230,121
230,16
230,230
230,54
230,148
230,9
230,16
230,38
230,34
230,26
230,5
230,3
230,36
230,15
230,90
230,46
230,33
230,22
230,26
230,17
230,32
230,20
230,46
230,34
230,1
230,4
230,5
230,4
230,55
230,42
230,14
230,3
230,2
230,2
230,4
230,4
230,11
230,1
230,0
230,6
230,2
230,10
230,1
230,3
230,0
230,6
230,5
230,24
230,5
230,6
230,5
230,7
230,9
230,10
230,5
230,5
230,0
230,1
229,3
229,37
229,3
228,4
228,98
228,4
228,41
228,5
228,3
228,38
228,3
227,11
227,5
227,1
227,2
227,0
227,0
227,0
225,21
225,129
225,50
225,4
225,69
225,19
225,21
225,3
225,0
225,78
225,11
225,31
225,73
225,2
225,122
225,24
225,3
225,1
225,26
225,45
225,4
225,30
225,3
225,5
225,22
225,4
225,16
225,23
225,41
225,40
225,27
225,2
225,33
225,4
225,14
225,23
225,97
225,142
225,78
225,0
225,1
225,24
225,18
225,6
225,3
225,24
225,0
225,2
225,20
225,23
225,84
225,59
225,8
225,0
225,9
225,9
225,1
225,4
225,10
225,0
225,25
225,6
225,0
225,11
225,20
225,3
225,0
225,1
225,0
225,1
223,54
223,1
223,44
223,11
223,5
222,17
222,2
222,9
222,22
222,1
221,13
220,43
220,3
220,13
220,62
220,29
220,36
220,47
220,14
220,29
220,12
220,24
220,26
220,66
220,13
220,118
220,51
220,0
220,120
220,22
220,20
220,51
220,2
220,37
220,3
220,0
220,1
220,47
220,2
220,24
220,55
220,55
220,9
220,250
220,19
220,10
220,18
220,1
220,66
220,40
220,26
220,37
220,130
220,5
220,25
220,46
220,40
220,24
220,33
220,108
220,46
220,100
220,50
220,6
220,81
220,15
220,18
220,5
220,20
220,4
220,49
220,87
220,0
220,15
220,0
220,1
220,41
220,1
220,33
220,59
220,27
220,1
220,52
220,37
220,104
220,26
220,37
220,38
220,14
220,52
220,5
220,8
220,13
220,5
220,10
220,43
220,6
220,72
220,4
220,3
220,130
220,0
220,7
220,7
220,31
220,3
220,2
220,1
220,113
220,43
220,4
220,2
220,23
220,56
220,30
220,16
220,9
220,27
220,3
220,2
220,35
220,48
220,52
220,2
220,1
220,36
220,17
220,41
220,6
220,10
220,4
220,24
220,49
220,1
220,37
220,29
220,35
220,15
220,14
220,53
220,10
220,26
220,1
220,1
220,22
220,11
220,33
220,3
220,8
220,0
220,1
220,17
220,19
220,2
220,41
220,6
220,15
220,2
220,14
220,2
220,3
220,13
220,7
220,8
220,11
220,0
220,11
220,33
220,4
220,3
220,1
220,7
220,0
220,23
220,3
220,2
220,0
220,0
220,1
220,1
220,0
220,0
220,0
220,1
220,0
219,46
219,2
218,72
218,60
218,76
218,24
218,58
217,4
217,4
216,1
215,82
215,0
215,6
215,102
215,82
215,9
215,0
215,86
215,180
215,1
215,0
215,29
215,6
215,1
215,51
215,13
215,27
215,3
215,3
215,0
215,1
215,1
215,2
215,0
213,18
213,157
213,3
213,24
213,22
212,26
212,1
212,2
212,0
212,1
210,75
210,92
210,16
210,147
210,11
210,20
210,10
210,0
210,3
210,107
210,21
210,90
210,200
210,16
210,41
210,13
210,31
210,10
210,92
210,84
210,26
210,45
210,5
210,200
210,2
210,13
210,13
210,20
210,0
210,8
210,30
210,80
210,108
210,23
210,13
210,5
210,4
210,4
210,12
210,36
210,21
210,23
210,12
210,21
210,2
210,2
210,5
210,7
210,0
210,1
210,7
210,1
210,41
210,6
210,9
210,3
210,1
210,7
210,4
210,10
210,1
210,0
210,0
210,4
210,0
210,0
210,0
210,1
210,1
210,0
210,0
210,1
210,1
210,0
210,0
210,0
209,20
209,1
209,0
209,0
209,0
209,0
208,61
208,0
208,0
208,15
207,8
207,1
207,11
207,35
207,3
207,2
207,2
207,0
206,43
205,53
205,60
205,6
205,100
205,119
205,46
205,38
205,15
205,30
205,5
205,55
205,1
205,33
205,35
205,8
205,12
205,14
205,0
205,1
205,17
205,5
205,16
205,0
205,11
205,3
205,4
205,2
204,37
203,8
203,4
203,20
203,1
203,3
203,4
202,110
202,27
202,62
202,0
202,0
200,4
200,33
200,16
200,144
200,22
200,85
200,51
200,68
200,21
200,52
200,2
200,17
200,9
200,4
200,118
200,56
200,15
200,130
200,39
200,108
200,41
200,41
200,0
200,100
200,57
200,95
200,36
200,48
200,3
200,84
200,1
200,1
200,56
200,0
200,0
200,88
200,0
200,37
200,101
200,18
200,57
200,10
200,136
200,2
200,75
200,77
200,53
200,10
200,41
200,0
200,63
200,3
200,0
200,48
200,41
200,66
200,60
200,16
200,69
200,4
200,10
200,1
200,1
200,5
200,6
200,131
200,56
200,61
200,34
200,20
200,119
200,67
200,19
200,1
200,48
200,21
200,0
200,1
200,83
200,0
200,9
200,53
200,0
200,27
200,0
200,167
200,64
200,11
200,18
200,26
200,16
200,45
200,6
200,3
200,34
200,1
200,42
200,0
200,1
200,19
200,4
200,0
200,0
200,3
200,37
200,0
200,107
200,35
200,40
200,20
200,21
200,63
200,6
200,19
200,71
200,13
200,112
200,166
200,81
200,10
200,20
200,39
200,1
200,104
200,42
200,49
200,30
200,38
200,14
200,7
200,27
200,6
200,1
200,38
200,2
200,1
200,0
200,0
200,8
200,0
200,0
200,41
200,9
200,33
200,148
200,24
200,26
200,105
200,3
200,15
200,133
200,1
200,11
200,25
200,34
200,53
200,22
200,75
200,61
200,25
200,16
200,24
200,3
200,48
200,18
200,18
200,23
200,11
200,50
200,3
200,29
200,25
200,49
200,15
200,107
200,70
200,2
200,27
200,11
200,22
200,84
200,3
200,0
200,12
200,44
200,15
200,1
200,88
200,72
200,87
200,9
200,29
200,23
200,0
200,0
200,3
200,1
200,3
200,32
200,7
200,88
200,0
200,93
200,8
200,23
200,11
200,2
200,4
200,5
200,46
200,15
200,5
200,6
200,37
200,11
200,0
200,63
200,6
200,0
200,18
200,1
200,44
200,41
200,19
200,11
200,10
200,34
200,58
200,15
200,44
200,82
200,6
200,3
200,18
200,34
200,0
200,0
200,36
200,1
200,23
200,0
200,14
200,10
200,13
200,20
200,39
200,3
200,53
200,1
200,2
200,28
200,8
200,38
200,35
200,15
200,20
200,10
200,51
200,43
200,3
200,2
200,32
200,5
200,17
200,4
200,5
200,22
200,1
200,58
200,5
200,35
200,7
200,30
200,39
200,7
200,7
200,6
200,9
200,8
200,7
200,47
200,1
200,17
200,5
200,3
200,1
200,29
200,2
200,1
200,0
200,14
200,4
200,19
200,3
200,0
200,1
200,1
200,14
200,10
200,4
200,14
200,6
200,32
200,51
200,15
200,34
200,11
200,33
200,2
200,5
200,30
200,2
200,0
200,3
200,32
200,17
200,0
200,28
200,0
200,0
200,11
200,18
200,1
200,38
200,13
200,19
200,7
200,17
200,1
200,2
200,11
200,6
200,1
200,1
200,18
200,8
200,7
200,1
200,23
200,19
200,1
200,6
200,9
200,10
200,0
200,0
200,17
200,10
200,12
200,13
200,8
200,23
200,3
200,5
200,2
200,14
200,2
200,8
200,11
200,1
200,6
200,1
200,0
200,6
200,1
200,3
200,1
200,20
200,4
200,10
200,7
200,0
200,7
200,2
200,1
200,3
200,4
200,13
200,0
200,0
200,0
200,4
200,2
200,4
200,3
200,0
200,0
200,2
200,1
200,0
200,0
200,1
200,2
200,1
200,0
200,3
200,0
199,24
199,34
199,26
199,79
199,123
199,10
199,106
199,37
199,23
199,7
199,44
199,18
199,12
199,3
199,0
199,35
199,103
199,5
199,10
199,9
199,2
199,10
199,10
199,1
199,2
199,1
199,4
199,2
199,17
199,1
199,21
199,0
198,24
198,18
198,14
198,33
198,0
197,0
197,16
197,168
197,13
197,135
197,1
197,0
197,1
197,64
197,13
197,97
197,7
197,0
197,0
197,0
197,0
195,0
195,57
195,1
195,272
195,20
195,47
195,4
195,106
195,17
195,12
195,0
195,81
195,29
195,82
195,19
195,22
195,4
195,14
195,101
195,1
195,22
195,87
195,3
195,14
195,31
195,12
195,88
195,100
195,102
195,9
195,8
195,46
195,3
195,60
195,0
195,11
195,26
195,2
195,22
195,3
195,19
195,26
195,109
195,8
195,13
195,13
195,2
195,20
195,2
195,37
195,39
195,4
195,7
195,27
195,1
195,5
195,2
195,2
195,176
195,74
195,7
195,80
195,40
195,40
195,18
195,0
195,3
195,40
195,15
195,9
195,17
195,5
195,38
195,15
195,4
195,4
195,2
195,1
195,0
195,10
195,11
195,9
195,3
195,5
195,1
195,8
195,0
195,5
195,0
195,0
195,8
195,0
195,0
195,0
193,5
193,6
193,61
193,1
193,1
192,3
192,53
192,52
192,6
192,0
191,88
190,65
190,31
190,32
190,206
190,0
190,14
190,0
190,72
190,6
190,38
190,46
190,15
190,36
190,0
190,4
190,7
190,239
190,35
190,0
190,0
190,11
190,13
190,18
190,15
190,12
190,16
190,14
190,49
190,79
190,147
190,77
190,58
190,37
190,0
190,69
190,10
190,6
190,3
190,23
190,47
190,105
190,27
190,172
190,25
190,97
190,0
190,28
190,48
190,19
190,28
190,0
190,35
190,86
190,44
190,108
190,109
190,26
190,1
190,44
190,9
190,5
190,43
190,34
190,10
190,6
190,18
190,0
190,36
190,51
190,11
190,12
190,6
190,6
190,7
190,2
190,71
190,17
190,4
190,2
190,14
190,2
190,3
190,9
190,14
190,2
190,10
190,29
190,21
190,2
190,0
190,20
190,15
190,23
190,76
190,7
190,5
190,4
190,30
190,4
190,4
190,11
190,16
190,15
190,0
190,4
190,2
190,13
190,0
190,14
190,1
190,0
190,21
190,4
190,0
190,0
190,1
190,0
190,1
190,0
189,11
189,89
189,34
189,29
189,4
189,24
189,48
189,8
189,280
189,29
189,8
189,9
189,10
189,2
189,0
189,1
189,0
188,0
188,38
188,25
188,11
187,0
187,1
187,22
187,134
187,0
187,33
187,121
187,23
187,0
187,2
187,3
187,0
187,0
187,1
187,1
187,2
187,4
187,7
187,15
187,5
186,19
186,1
186,8
185,183
185,1
185,79
185,10
185,317
185,7
185,240
185,11
185,10
185,205
185,38
185,57
185,124
185,15
185,98
185,6
185,7
185,6
185,36
185,0
185,6
185,2
185,2
184,10
184,35
184,80
184,81
184,32
184,41
184,5
184,79
184,59
184,4
184,29
184,8
184,30
184,49
184,92
184,43
184,28
184,10
184,3
184,80
184,173
184,75
184,2
184,77
184,12
184,46
184,15
184,56
184,20
184,2
184,2
184,2
184,26
184,12
184,2
184,5
184,4
184,29
184,6
184,7
184,0
184,1
184,1
184,5
184,2
184,6
184,2
184,3
184,9
184,1
184,0
184,1
184,0
184,1
184,0
184,0
184,0
183,54
183,12
182,83
182,44
182,24
182,13
182,26
182,22
181,46
181,44
181,14
181,1
181,2
180,74
180,14
180,11
180,3
180,15
180,18
180,10
180,164
180,140
180,12
180,4
180,1
180,200
180,66
180,5
180,114
180,69
180,156
180,9
180,44
180,135
180,42
180,124
180,26
180,36
180,40
180,5
180,68
180,66
180,0
180,38
180,100
180,0
180,30
180,85
180,64
180,200
180,72
180,29
180,5
180,2
180,21
180,46
180,232
180,44
180,80
180,6
180,43
180,55
180,52
180,22
180,30
180,89
180,13
180,102
180,37
180,42
180,13
180,59
180,0
180,54
180,20
180,30
180,130
180,118
180,4
180,20
180,4
180,28
180,1
180,11
180,109
180,96
180,64
180,74
180,12
180,7
180,6
180,55
180,62
180,0
180,10
180,25
180,34
180,36
180,31
180,59
180,84
180,6
180,86
180,113
180,6
180,59
180,29
180,6
180,72
180,0
180,68
180,71
180,77
180,34
180,29
180,0
180,8
180,67
180,57
180,101
180,126
180,105
180,50
180,164
180,13
180,69
180,39
180,0
180,264
180,15
180,48
180,13
180,95
180,32
180,4
180,42
180,24
180,64
180,15
180,15
180,47
180,50
180,14
180,8
180,128
180,30
180,39
180,11
180,57
180,35
180,13
180,54
180,1
180,53
180,13
180,18
180,16
180,9
180,110
180,6
180,62
180,0
180,6
180,105
180,0
180,3
180,6
180,37
180,17
180,2
180,36
180,75
180,120
180,38
180,6
180,2
180,10
180,101
180,36
180,0
180,14
180,117
180,77
180,24
180,61
180,1
180,126
180,17
180,2
180,28
180,28
180,4
180,3
180,4
180,2
180,1
180,0
180,2
180,1
180,2
180,54
180,7
180,5
180,4
180,14
180,6
180,0
180,0
180,72
180,10
180,3
180,4
180,7
180,16
180,1
180,1
180,10
180,23
180,3
180,53
180,5
180,12
180,10
180,44
180,16
180,2
180,45
180,35
180,0
180,5
180,19
180,21
180,10
180,3
180,1
180,2
180,13
180,10
180,8
180,1
180,11
180,25
180,22
180,7
180,4
180,1
180,18
180,9
180,7
180,9
180,7
180,20
180,29
180,5
180,3
180,13
180,43
180,4
180,7
180,11
180,8
180,41
180,2
180,32
180,15
180,2
180,17
180,6
180,0
180,1
180,35
180,12
180,4
180,0
180,19
180,7
180,7
180,7
180,12
180,5
180,5
180,8
180,23
180,18
180,5
180,22
180,12
180,13
180,6
180,1
180,2
180,5
180,7
180,0
180,0
180,9
180,30
180,0
180,12
180,1
180,6
180,5
180,12
180,1
180,2
180,2
180,7
180,20
180,1
180,3
180,0
180,0
180,2
180,2
180,7
180,0
180,2
180,0
180,10
180,6
180,1
180,4
180,6
180,0
180,1
180,1
180,1
180,0
179,52
179,10
179,17
179,3
179,6
179,2
179,2
179,3
179,2
179,8
178,45
178,18
178,7
177,47
177,8
177,21
177,18
177,16
177,15
177,211
177,108
177,10
177,4
177,4
177,0
177,0
177,1
176,34
176,2
176,8
175,0
175,12
175,0
175,111
175,3
175,84
175,165
175,9
175,106
175,96
175,1
175,77
175,59
175,0
175,28
175,7
175,110
175,0
175,34
175,68
175,9
175,14
175,35
175,38
175,5
175,73
175,45
175,0
175,25
175,12
175,0
175,95
175,53
175,124
175,116
175,66
175,86
175,34
175,44
175,57
175,45
175,13
175,3
175,34
175,50
175,29
175,1
175,32
175,49
175,18
175,23
175,4
175,4
175,3
175,0
175,7
175,22
175,1
175,1
175,0
175,0
174,8
174,35
174,34
174,13
174,103
174,42
174,35
174,24
174,43
174,37
174,50
174,84
174,12
174,18
174,60
174,7
174,86
174,11
174,3
174,18
174,91
174,70
174,91
174,4
174,53
174,4
174,46
174,43
174,12
174,15
174,29
174,58
174,97
174,53
174,7
174,52
174,20
174,47
174,56
174,52
174,1
174,8
174,18
174,21
174,14
174,16
174,8
174,34
174,39
174,43
174,35
174,3
174,1
174,6
174,18
174,1
174,6
174,5
174,31
174,9
174,75
174,20
174,24
174,10
174,17
174,29
174,2
174,16
174,1
174,0
174,0
174,1
174,1
174,25
174,0
174,2
174,6
174,12
174,7
174,3
174,0
174,3
174,2
174,0
173,71
172,23
172,14
172,15
172,48
172,1
172,0
172,9
172,0
171,23
171,3
170,161
170,136
170,75
170,28
170,48
170,19
170,54
170,23
170,36
170,59
170,92
170,41
170,32
170,30
170,130
170,13
170,16
170,85
170,418
170,6
170,70
170,36
170,1
170,0
170,0
170,0
170,21
170,34
170,127
170,40
170,9
170,13
170,1
170,10
170,18
170,67
170,80
170,32
170,29
170,14
170,7
170,60
170,111
170,33
170,68
170,2
170,12
170,73
170,70
170,76
170,38
170,10
170,62
170,55
170,71
170,10
170,66
170,24
170,71
170,30
170,3
170,0
170,74
170,15
170,10
170,80
170,5
170,0
170,5
170,12
170,20
170,9
170,7
170,11
170,9
170,17
170,11
170,38
170,0
170,0
170,41
170,2
170,4
170,18
170,0
170,0
170,0
170,0
170,7
170,8
170,14
170,10
170,7
170,0
170,1
170,0
170,0
170,0
170,0
170,0
170,0
169,33
169,28
169,73
169,123
169,11
169,76
169,5
169,0
169,52
169,115
169,11
169,13
169,15
169,1
169,96
169,18
169,56
169,36
169,48
169,90
169,0
169,323
169,0
169,222
169,104
169,76
169,15
169,6
169,4
169,57
169,18
169,58
169,144
169,2
169,311
169,148
169,32
169,9
169,14
169,15
169,11
169,33
169,47
169,98
169,27
169,52
169,31
169,0
169,109
169,100
169,1
169,6
169,9
169,18
169,30
169,9
169,31
169,0
169,20
169,51
169,0
169,54
169,61
169,3
169,3
169,2
169,14
169,1
169,9
169,18
169,38
169,36
169,2
169,2
169,22
169,1
169,2
169,8
169,0
169,12
169,16
169,7
169,5
169,1
169,1
169,0
169,1
169,0
169,0
169,0
168,48
168,25
168,15
168,10
168,91
168,44
168,5
167,42
167,18
167,105
167,99
167,44
167,7
167,32
167,88
167,0
167,2
167,14
167,3
167,13
167,3
166,26
166,22
166,0
166,2
166,1
166,11
165,35
165,106
165,57
165,147
165,73
165,49
165,48
165,37
165,126
165,14
165,56
165,56
165,82
165,5
165,60
165,34
165,3
165,51
165,34
165,1
165,45
165,15
165,19
165,2
165,13
165,62
165,64
165,19
165,2
165,2
165,0
165,2
165,8
165,0
164,52
164,50
164,51
164,116
164,224
164,56
164,35
164,40
164,43
164,89
164,196
164,11
164,76
164,81
164,5
164,107
164,15
164,39
164,30
164,23
164,35
164,5
164,3
164,2
164,58
164,44
164,1
164,19
164,22
164,31
164,31
164,47
164,32
164,4
164,23
164,13
164,24
164,40
164,15
164,1
164,41
164,52
164,26
164,26
164,4
164,7
164,3
164,7
164,25
164,32
164,4
164,12
164,17
164,18
164,34
164,5
164,1
164,1
164,2
164,0
164,35
164,7
164,1
164,0
164,1
164,2
164,1
164,0
164,3
164,5
164,4
164,3
164,3
164,0
164,1
164,0
164,4
164,0
164,0
164,0
164,0
163,84
163,0
162,29
162,57
162,23
162,49
162,80
162,0
162,22
162,22
162,9
162,0
162,0
162,0
161,8
161,149
161,86
160,28
160,40
160,48
160,47
160,60
160,6
160,39
160,139
160,17
160,199
160,57
160,170
160,105
160,50
160,28
160,53
160,55
160,24
160,59
160,69
160,72
160,11
160,40
160,105
160,44
160,87
160,89
160,11
160,32
160,67
160,49
160,10
160,18
160,31
160,55
160,325
160,70
160,91
160,54
160,3
160,202
160,2
160,25
160,11
160,58
160,28
160,18
160,96
160,19
160,50
160,37
160,50
160,74
160,6
160,26
160,92
160,40
160,2
160,77
160,94
160,45
160,76
160,7
160,3
160,50
160,94
160,19
160,2
160,35
160,0
160,9
160,45
160,46
160,27
160,2
160,28
160,6
160,7
160,50
160,4
160,6
160,21
160,19
160,60
160,59
160,1
160,16
160,12
160,25
160,6
160,35
160,3
160,2
160,1
160,13
160,18
160,45
160,6
160,26
160,5
160,5
160,0
160,7
160,18
160,2
160,2
160,21
160,5
160,28
160,8
160,2
160,5
160,15
160,10
160,1
160,4
160,2
160,1
160,0
160,0
160,0
160,0
160,3
160,2
160,1
160,0
160,0
160,2
160,0
160,0
160,0
159,21
159,26
159,4
159,51
159,31
159,232
159,56
159,35
159,41
159,3
159,76
159,201
159,106
159,6
159,1
159,0
159,9
159,58
159,5
159,103
159,142
159,169
159,21
159,0
159,69
159,24
159,0
159,36
159,27
159,15
159,75
159,205
159,1
159,24
159,30
159,10
159,13
159,109
159,26
159,43
159,84
159,27
159,131
159,3
159,3
159,148
159,102
159,54
159,130
159,0
159,10
159,98
159,0
159,22
159,95
159,5
159,1
159,69
159,76
159,3
159,0
159,2
159,0
159,4
159,3
159,0
159,69
159,129
159,15
159,4
159,54
159,0
159,0
159,2
159,23
159,77
159,2
159,11
159,25
159,62
159,13
159,1
159,8
159,21
159,8
159,9
159,6
159,5
159,6
159,35
159,18
159,2
159,14
159,11
159,1
159,10
159,36
159,17
159,6
159,4
159,4
159,0
159,4
159,4
159,6
159,7
159,6
159,12
159,3
159,1
159,7
158,1
158,32
158,5
158,21
157,11
157,82
157,46
157,74
157,1
157,46
157,0
157,23
157,33
157,30
157,0
157,45
157,2
157,0
157,15
157,25
157,12
157,0
156,10
156,55
155,86
155,304
155,104
155,33
155,0
155,3
155,2
155,9
155,24
155,8
155,3
155,38
155,15
155,49
155,31
155,103
155,110
155,0
155,33
155,15
155,18
155,15
155,25
155,0
155,0
154,0
154,128
154,15
154,13
154,8
154,116
154,2
154,72
154,194
154,8
154,24
154,10
154,67
154,10
154,51
154,61
154,47
154,13
154,34
154,13
154,6
154,5
154,6
154,3
154,271
154,19
154,7
154,9
154,6
154,2
154,35
154,36
154,5
154,25
154,38
154,50
154,19
154,29
154,0
154,19
154,2
154,11
154,2
154,1
154,0
154,0
154,4
154,0
154,21
154,2
154,4
154,0
154,0
154,10
154,0
154,0
154,0
153,69
152,30
152,150
152,4
152,2
151,158
150,0
150,0
150,20
150,25
150,7
150,34
150,5
150,85
150,29
150,61
150,27
150,99
150,47
150,175
150,25
150,1
150,52
150,67
150,28
150,23
150,36
150,17
150,72
150,15
150,3
150,41
150,10
150,169
150,9
150,37
150,8
150,10
150,3
150,116
150,120
150,65
150,25
150,100
150,58
150,29
150,19
150,50
150,53
150,52
150,65
150,0
150,26
150,2
150,65
150,138
150,33
150,47
150,37
150,72
150,32
150,28
150,14
150,4
150,21
150,26
150,31
150,26
150,14
150,24
150,47
150,31
150,100
150,42
150,304
150,0
150,117
150,13
150,10
150,6
150,71
150,105
150,3
150,96
150,217
150,72
150,100
150,47
150,40
150,19
150,5
150,124
150,8
150,4
150,139
150,66
150,30
150,66
150,26
150,38
150,32
150,59
150,11
150,38
150,33
150,136
150,28
150,15
150,55
150,42
150,33
150,15
150,21
150,0
150,18
150,20
150,1
150,40
150,56
150,131
150,3
150,1
150,0
150,101
150,0
150,11
150,1
150,35
150,102
150,92
150,19
150,42
150,38
150,3
150,61
150,154
150,55
150,33
150,26
150,30
150,24
150,52
150,7
150,46
150,46
150,100
150,83
150,79
150,19
150,62
150,92
150,54
150,3
150,100
150,48
150,20
150,129
150,24
150,15
150,22
150,62
150,54
150,47
150,19
150,35
150,29
150,36
150,21
150,58
150,14
150,22
150,12
150,1
150,2
150,0
150,1
150,24
150,35
150,12
150,134
150,70
150,6
150,81
150,31
150,50
150,35
150,49
150,27
150,0
150,2
150,30
150,11
150,18
150,5
150,17
150,28
150,63
150,69
150,32
150,32
150,8
150,8
150,11
150,99
150,0
150,22
150,65
150,1
150,107
150,43
150,1
150,19
150,21
150,31
150,27
150,24
150,37
150,47
150,40
150,42
150,44
150,19
150,16
150,26
150,9
150,1
150,3
150,33
150,24
150,17
150,7
150,3
150,13
150,6
150,2
150,62
150,31
150,46
150,24
150,16
150,3
150,10
150,63
150,21
150,0
150,45
150,0
150,5
150,8
150,0
150,12
150,24
150,2
150,17
150,27
150,4
150,29
150,0
150,10
150,23
150,9
150,0
150,1
150,0
150,12
150,14
150,0
150,4
150,3
150,4
150,12
150,4
150,3
150,10
150,10
150,5
150,13
150,12
150,0
150,0
150,2
150,5
150,11
150,3
150,0
150,0
150,0
150,0
150,6
150,0
150,1
150,0
150,2
150,0
150,0
150,0
149,5
149,17
149,40
149,22
149,177
149,91
149,15
149,55
149,22
149,65
149,61
149,151
149,69
149,74
149,139
149,55
149,9
149,15
149,427
149,60
149,3
149,1
149,2
149,53
149,3
149,0
149,0
149,1
149,362
149,5
149,19
149,0
149,61
149,21
149,1
149,16
149,53
149,24
149,0
149,20
149,72
149,160
149,23
149,31
149,4
149,125
149,65
149,0
149,61
149,0
149,11
149,29
149,0
149,22
149,106
149,1
149,295
149,12
149,4
149,24
149,12
149,5
149,11
149,11
149,44
149,5
149,27
149,2
149,3
149,18
149,0
149,1
149,30
149,9
149,292
149,108
149,2
149,17
149,26
149,2
149,0
149,4
149,54
149,0
149,19
149,223
149,33
149,0
149,3
149,12
149,13
149,224
149,0
149,11
149,51
149,124
149,27
149,74
149,234
149,0
149,0
149,9
149,215
149,21
149,194
149,0
149,25
149,19
149,74
149,39
149,0
149,12
149,4
149,0
149,34
149,73
149,76
149,53
149,0
149,51
149,58
149,153
149,2
149,79
149,1
149,60
149,4
149,11
149,40
149,37
149,3
149,47
149,7
149,36
149,9
149,51
149,0
149,1
149,0
149,8
149,14
149,53
149,92
149,32
149,3
149,1
149,0
149,0
149,0
149,0
149,78
149,46
149,16
149,0
149,57
149,93
149,20
149,17
149,11
149,6
149,0
149,0
149,2
149,2
149,0
149,1
149,2
149,34
149,27
149,30
149,2
149,7
149,49
149,8
149,115
149,40
149,1
149,61
149,1
149,90
149,0
149,44
149,50
149,51
149,8
149,0
149,47
149,2
149,1
149,26
149,14
149,8
149,4
149,41
149,42
149,0
149,47
149,62
149,1
149,28
149,7
149,134
149,69
149,50
149,57
149,9
149,6
149,21
149,16
149,11
149,19
149,4
149,13
149,42
149,2
149,35
149,2
149,2
149,10
149,64
149,33
149,39
149,23
149,131
149,2
149,1
149,6
149,0
149,0
149,31
149,8
149,13
149,37
149,36
149,1
149,26
149,27
149,32
149,18
149,23
149,1
149,2
149,0
149,8
149,11
149,12
149,13
149,14
149,43
149,3
149,16
149,18
149,8
149,29
149,12
149,27
149,6
149,0
149,5
149,6
149,7
149,11
149,5
149,1
149,0
149,0
149,6
149,16
149,17
149,4
149,11
149,6
149,3
149,0
149,3
149,4
149,39
149,0
149,7
149,24
149,0
149,0
149,1
149,2
149,5
149,1
149,0
149,0
149,1
149,0
149,0
149,0
148,21
148,212
148,309
148,14
148,192
148,85
148,8
148,2
147,256
147,56
147,178
146,45
146,208
146,0
146,192
146,52
146,53
146,8
146,6
145,11
145,6
145,163
145,267
145,125
145,65
145,30
145,239
145,138
145,7
145,14
145,0
145,10
145,10
145,17
145,112
145,154
145,1
145,215
145,77
145,8
145,11
145,25
145,0
145,94
145,0
145,0
145,72
145,17
145,1
145,39
145,3
145,1
145,9
145,0
145,3
145,5
144,60
144,43
144,2
144,91
144,47
144,264
144,130
144,61
144,37
144,303
144,37
144,1
144,100
144,33
144,58
144,410
144,209
144,17
144,20
144,45
144,2
144,50
144,208
144,56
144,94
144,131
144,97
144,3
144,0
144,15
144,49
144,17
144,35
144,38
144,45
144,7
144,13
144,6
144,16
144,33
144,1
144,4
144,2
144,2
144,21
144,8
144,14
144,0
144,1
144,0
144,18
144,10
144,5
144,8
144,4
144,0
144,0
143,3
143,0
143,53
143,31
142,297
142,71
142,28
142,28
142,3
142,14
141,46
141,32
141,107
141,6
140,203
140,8
140,52
140,14
140,41
140,9
140,6
140,3
140,38
140,16
140,13
140,125
140,61
140,17
140,32
140,28
140,76
140,9
140,35
140,69
140,0
140,199
140,36
140,19
140,24
140,45
140,142
140,262
140,26
140,8
140,39
140,139
140,0
140,64
140,99
140,37
140,97
140,0
140,51
140,0
140,41
140,229
140,27
140,49
140,107
140,14
140,0
140,3
140,10
140,6
140,45
140,35
140,48
140,34
140,4
140,42
140,7
140,39
140,6
140,48
140,7
140,15
140,20
140,27
140,15
140,3
140,87
140,18
140,48
140,12
140,62
140,48
140,19
140,56
140,153
140,27
140,8
140,45
140,7
140,94
140,2
140,18
140,11
140,39
140,65
140,6
140,17
140,15
140,16
140,37
140,58
140,6
140,44
140,52
140,22
140,30
140,33
140,21
140,17
140,6
140,0
140,27
140,2
140,38
140,1
140,25
140,31
140,2
140,3
140,3
140,2
140,0
140,0
140,2
140,10
140,2
140,0
140,0
139,51
139,13
139,27
139,71
139,83
139,20
139,0
139,30
139,88
139,93
139,85
139,127
139,18
139,6
139,56
139,0
139,28
139,3
139,21
139,103
139,4
139,23
139,18
139,34
139,115
139,1
139,56
139,51
139,27
139,0
139,9
139,133
139,87
139,26
139,2
139,1
139,4
139,119
139,12
139,36
139,61
139,59
139,166
139,13
139,145
139,32
139,24
139,161
139,261
139,62
139,13
139,130
139,248
139,21
139,8
139,104
139,7
139,2
139,1
139,272
139,60
139,14
139,127
139,140
139,112
139,0
139,47
139,66
139,3
139,1
139,85
139,7
139,0
139,2
139,141
139,8
139,28
139,42
139,37
139,22
139,14
139,75
139,0
139,88
139,0
139,29
139,111
139,65
139,11
139,4
139,1
139,14
139,39
139,1
139,0
139,0
139,1
139,20
139,3
139,66
139,1
139,0
139,14
139,22
139,5
139,23
139,10
139,16
139,31
139,6
139,2
139,23
139,22
139,32
139,2
139,19
139,1
139,17
139,64
139,5
139,25
139,6
139,15
139,1
139,23
139,5
139,6
139,21
139,38
139,7
139,0
139,3
139,3
139,15
139,34
139,0
139,1
139,14
139,0
139,0
139,12
139,5
139,32
139,40
139,11
139,9
139,8
139,8
139,0
139,2
139,8
139,7
139,3
139,9
139,1
139,2
139,0
139,0
139,0
139,0
138,12
138,5
138,5
138,16
138,142
138,4
138,26
138,96
138,59
138,9
138,9
138,1
138,0
137,132
137,1
137,2
137,1
136,97
136,181
136,0
136,29
136,4
136,10
136,74
136,29
136,83
136,64
136,22
136,1
136,33
136,3
135,6
135,168
135,401
135,13
135,6
135,63
135,22
135,97
135,68
135,54
135,34
135,34
135,12
135,123
135,19
135,67
135,98
135,7
135,16
135,27
135,121
135,0
135,5
135,115
135,9
135,11
135,43
135,136
135,4
135,1
135,113
135,0
135,20
135,69
135,1
135,81
135,155
135,0
135,16
135,18
135,6
135,24
135,11
135,9
135,27
135,29
135,76
135,26
135,1
135,2
135,36
135,2
135,3
135,25
135,18
135,37
135,11
135,10
135,4
135,2
135,3
135,3
135,5
135,2
135,1
135,0
135,0
135,0
134,64
134,137
134,193
134,81
134,31
134,73
134,36
134,81
134,197
134,67
134,31
134,0
134,62
134,386
134,332
134,9
134,138
134,273
134,28
134,10
134,105
134,80
134,177
134,34
134,14
134,86
134,14
134,42
134,115
134,198
134,0
134,31
134,18
134,21
134,34
134,17
134,70
134,2
134,23
134,28
134,16
134,44
134,5
134,74
134,42
134,155
134,2
134,0
134,31
134,84
134,165
134,97
134,162
134,1
134,14
134,8
134,49
134,36
134,14
134,22
134,4
134,46
134,24
134,37
134,59
134,11
134,10
134,6
134,29
134,11
134,0
134,14
134,0
134,5
134,2
134,0
133,2
133,1
132,33
132,79
132,48
132,51
132,41
132,44
132,27
132,13
132,5
132,0
132,66
132,1
132,12
132,13
132,24
132,16
132,0
132,1
132,2
132,0
132,0
132,0
132,4
131,62
131,0
131,124
131,2
131,15
131,0
131,38
131,31
131,4
131,16
131,19
131,1
131,185
131,244
131,7
131,2
131,0
131,88
131,23
131,0
131,120
131,3
131,15
131,52
131,19
131,9
131,9
131,100
131,4
131,2
131,1
131,0
131,222
131,31
131,14
131,14
131,73
131,93
131,22
131,0
131,0
131,150
131,18
131,1
131,1
131,27
131,14
131,0
131,27
131,28
131,10
131,0
131,55
131,8
131,69
131,4
131,7
131,93
131,65
131,94
131,20
131,10
131,0
131,19
131,9
131,17
131,19
131,0
131,2
131,2
131,1
131,1
131,1
131,1
131,1
131,2
131,63
131,17
131,10
131,66
131,104
131,273
131,9
131,9
131,73
131,21
131,4
131,57
131,6
131,5
131,40
131,4
131,16
131,92
131,68
131,25
131,4
131,5
131,123
131,94
131,32
131,0
131,16
131,4
131,0
131,49
131,21
131,73
131,4
131,1
131,17
131,78
131,326
131,2
131,0
131,6
131,115
131,20
131,98
131,10
131,71
131,0
131,9
131,3
131,5
131,53
131,36
131,54
131,8
131,11
131,27
131,0
131,4
131,1
131,74
131,15
131,54
131,3
131,16
131,6
131,4
131,4
131,0
131,10
131,7
131,7
131,0
131,12
131,5
131,4
131,2
131,2
131,0
131,0
131,6
131,1
131,0
131,1
131,2
131,1
131,3
130,65
130,9
130,36
130,31
130,82
130,3
130,4
130,172
130,38
130,46
130,96
130,52
130,36
130,38
130,17
130,37
130,18
130,4
130,94
130,44
130,112
130,32
130,30
130,1
130,105
130,68
130,19
130,23
130,37
130,8
130,56
130,167
130,30
130,126
130,13
130,202
130,26
130,24
130,1
130,37
130,181
130,19
130,79
130,77
130,107
130,37
130,4
130,38
130,4
130,3
130,52
130,165
130,2
130,75
130,40
130,31
130,26
130,49
130,12
130,24
130,0
130,19
130,8
130,9
130,35
130,163
130,2
130,44
130,48
130,4
130,8
130,0
130,63
130,27
130,86
130,77
130,18
130,40
130,42
130,24
130,87
130,39
130,5
130,12
130,59
130,75
130,14
130,58
130,45
130,77
130,133
130,3
130,2
130,2
130,7
130,29
130,69
130,15
130,5
130,0
130,0
130,8
130,10
130,9
130,2
130,0
130,1
130,0
130,7
130,0
130,1
130,14
130,36
130,1
130,9
130,6
130,0
130,0
130,0
130,1
130,1
130,0
129,263
129,170
129,30
129,0
129,284
129,171
129,77
129,1
129,208
129,11
129,84
129,75
129,2
129,0
129,213
129,29
129,16
129,98
129,6
129,215
129,7
129,135
129,1
129,152
129,239
129,92
129,4
129,0
129,26
129,3
129,3
129,43
129,4
129,7
129,8
129,31
129,1
129,5
129,0
129,2
129,2
129,2
129,0
129,6
129,1
129,4
129,0
129,1
129,3
129,7
129,0
129,1
129,2
129,2
129,0
128,0
128,29
128,106
128,56
128,39
128,129
128,110
128,28
128,121
128,13
128,71
128,87
128,18
128,21
128,0
127,259
127,1
127,17
127,4
127,39
127,5
126,156
126,5
126,15
126,4
126,9
126,12
126,10
126,10
126,9
126,2
126,8
126,28
126,48
126,9
126,24
126,11
126,2
126,13
126,0
125,511
125,156
125,17
125,0
125,50
125,4
125,34
125,303
125,205
125,160
125,25
125,115
125,54
125,50
125,10
125,3
125,214
125,1
125,63
125,5
125,0
125,50
125,22
125,13
125,13
125,0
125,47
125,167
125,0
125,138
125,0
125,94
125,0
125,152
125,0
125,29
125,244
125,3
125,96
125,42
125,209
125,5
125,0
125,3
125,76
125,25
125,26
125,114
125,3
125,157
125,94
125,123
125,5
125,156
125,27
125,20
125,87
125,185
125,0
125,124
125,2
125,19
125,53
125,8
125,13
125,69
125,2
125,27
125,11
125,64
125,2
125,35
125,0
125,111
125,12
125,25
125,12
125,13
125,28
125,32
125,2
125,19
125,2
125,6
125,5
125,15
125,11
125,2
125,1
125,1
125,0
124,20
124,0
124,105
124,10
124,38
124,84
124,20
124,43
124,160
124,34
124,46
124,69
124,0
124,104
124,11
124,53
124,0
124,56
124,0
124,67
124,88
124,140
124,88
124,8
124,29
124,4
124,37
124,8
124,56
124,40
124,0
124,0
124,4
124,131
124,2
124,104
124,66
124,70
124,65
124,25
124,97
124,18
124,7
124,0
124,0
124,91
124,12
124,2
124,7
124,86
124,64
124,70
124,137
124,12
124,31
124,31
124,32
124,12
124,3
124,5
124,33
124,23
124,29
124,6
124,0
124,50
124,35
124,10
124,30
124,16
124,9
124,94
124,102
124,42
124,37
124,39
124,18
124,10
124,9
124,1
124,0
124,26
124,15
124,7
124,9
124,3
124,13
124,15
124,24
124,17
124,12
124,19
124,5
124,0
124,0
124,4
124,0
123,14
123,28
122,0
122,0
122,20
122,3
122,0
122,126
122,50
122,52
122,30
122,32
122,19
122,7
122,27
122,49
122,17
122,58
122,1
122,0
122,2
121,60
121,1
121,11
121,315
121,61
121,9
121,69
121,135
121,21
121,21
121,7
121,87
121,112
121,0
121,318
121,263
121,136
121,0
121,59
121,148
121,5
121,130
121,77
121,0
121,14
121,149
121,0
121,13
121,170
121,106
121,32
121,3
121,39
121,10
121,156
121,17
121,38
121,75
121,0
121,1
121,1
121,40
121,12
121,1
121,1
121,52
121,64
121,24
121,0
121,8
121,1
121,41
121,8
121,4
121,95
121,106
121,1
121,49
121,78
121,2
121,25
121,78
121,44
121,157
121,13
121,245
121,122
121,1
121,33
121,88
121,181
121,193
121,72
121,0
121,26
121,148
121,13
121,0
121,5
121,5
121,145
121,246
121,181
121,29
121,1
121,10
121,70
121,19
121,0
121,104
121,23
121,23
121,79
121,10
121,1
121,11
121,13
121,0
121,82
121,41
121,59
121,61
121,6
121,39
121,6
121,133
121,4
121,1
121,83
121,74
121,28
121,27
121,35
121,88
121,76
121,263
121,6
121,64
121,8
121,23
121,41
121,2
121,15
121,26
121,24
121,20
121,1
121,70
121,4
121,83
121,7
121,26
121,0
121,70
121,132
121,30
121,13
121,1
121,65
121,9
121,62
121,48
121,95
121,3
121,1
121,25
121,35
121,32
121,5
121,0
121,41
121,13
121,0
121,34
121,7
121,17
121,63
121,3
121,46
121,22
121,0
121,32
121,10
121,20
121,55
121,0
121,3
121,16
121,28
121,15
121,28
121,5
121,17
121,63
121,0
121,13
121,19
121,1
121,29
121,19
121,0
121,15
121,11
121,9
121,1
121,33
121,18
121,13
121,2
121,8
121,10
121,24
121,1
121,4
121,33
121,7
121,4
121,38
121,8
121,23
121,0
121,2
121,9
121,10
121,10
121,3
121,1
121,1
121,15
121,2
121,2
121,0
121,2
121,2
121,0
121,0
121,0
121,2
121,4
121,0
121,0
121,0
120,121
120,385
120,0
120,0
120,0
120,103
120,49
120,18
120,225
120,46
120,25
120,138
120,227
120,105
120,72
120,17
120,289
120,32
120,51
120,128
120,32
120,4
120,96
120,4
120,3
120,0
120,137
120,20
120,16
120,0
120,136
120,242
120,66
120,24
120,67
120,16
120,35
120,53
120,24
120,0
120,11
120,3
120,66
120,244
120,80
120,114
120,78
120,106
120,241
120,29
120,3
120,45
120,78
120,236
120,147
120,45
120,41
120,45
120,133
120,35
120,38
120,112
120,203
120,11
120,179
120,1
120,4
120,16
120,0
120,0
120,48
120,8
120,31
120,44
120,0
120,26
120,5
120,58
120,69
120,195
120,48
120,33
120,26
120,116
120,0
120,126
120,0
120,62
120,102
120,74
120,41
120,32
120,19
120,73
120,31
120,8
120,50
120,30
120,74
120,4
120,146
120,110
120,47
120,81
120,2
120,32
120,41
120,0
120,6
120,6
120,20
120,51
120,43
120,12
120,4
120,33
120,13
120,24
120,4
120,13
120,64
120,40
120,16
120,84
120,28
120,92
120,63
120,61
120,91
120,38
120,69
120,21
120,80
120,20
120,9
120,9
120,1
120,13
120,15
120,49
120,15
120,0
120,15
120,23
120,12
120,16
120,16
120,47
120,16
120,11
120,6
120,5
120,39
120,52
120,45
120,8
120,1
120,6
120,39
120,8
120,6
120,0
120,1
120,4
120,0
120,28
120,10
120,9
120,0
120,16
120,2
120,0
120,23
120,14
120,0
120,1
120,3
120,0
120,11
120,8
120,34
120,0
120,8
120,0
120,4
120,0
120,8
120,0
120,1
120,11
120,8
120,0
120,0
120,0
120,2
119,1
119,40
119,25
119,7
119,108
119,3
119,176
119,41
119,16
119,7
119,7
119,0
119,19
119,8
119,34
119,1
119,11
119,115
119,153
119,41
119,25
119,32
119,66
119,6
119,22
119,24
119,16
119,46
119,0
119,23
119,16
119,61
119,28
119,52
119,25
119,1
119,9
119,13
119,13
119,13
119,1
119,2
119,34
119,14
119,0
119,2
119,15
119,6
119,2
119,0
119,2
119,6
119,0
119,0
118,13
118,3
118,56
118,30
118,42
118,106
118,50
118,8
118,6
118,4
118,17
118,1
117,48
117,37
117,56
117,92
116,149
116,13
116,127
116,15
116,74
116,55
116,18
116,10
116,8
116,60
116,1
116,10
116,1
116,12
116,0
116,3
115,141
115,93
115,14
115,184
115,75
115,10
115,4
115,29
115,10
115,13
115,106
115,11
115,26
115,12
115,31
115,348
115,55
115,0
115,5
115,173
115,79
115,85
115,0
115,0
115,0
115,148
115,19
115,12
115,37
115,36
115,34
115,148
115,38
115,13
115,97
115,12
115,23
115,27
115,30
115,39
115,12
115,11
115,16
115,25
115,29
115,16
115,2
115,7
115,13
115,42
115,16
115,3
115,33
115,4
115,0
115,5
115,4
115,6
115,6
115,0
115,3
114,7
114,307
114,23
114,2
114,7
114,28
114,285
114,219
114,4
114,445
114,164
114,52
114,56
114,178
114,14
114,10
114,0
114,89
114,120
114,1
114,8
114,69
114,87
114,36
114,21
114,65
114,75
114,29
114,26
114,15
114,48
114,13
114,6
114,19
114,1
114,16
114,1
114,4
114,0
114,0
114,0
114,3
113,17
113,232
113,0
113,30
113,95
113,104
113,55
113,10
113,69
113,18
113,8
113,8
113,2
113,13
113,11
113,22
113,2
112,115
112,93
112,116
112,25
112,92
112,8
112,6
112,24
112,46
112,26
112,2
112,21
112,18
112,2
112,13
112,7
112,2
112,8
112,19
112,0
112,0
111,84
111,12
111,72
111,43
111,5
111,25
111,33
111,16
111,7
111,73
111,2
111,77
111,24
111,47
111,264
111,26
111,41
111,103
111,72
111,61
111,3
111,0
111,82
111,0
111,8
111,0
111,69
111,53
111,56
111,41
111,109
111,69
111,91
111,8
111,7
111,0
111,54
111,62
111,28
111,0
111,251
111,32
111,13
111,146
111,9
111,0
111,10
111,3
111,56
111,0
111,148
111,73
111,20
111,95
111,109
111,4
111,12
111,77
111,26
111,0
111,1
111,114
111,117
111,138
111,46
111,22
111,124
111,14
111,46
111,18
111,154
111,12
111,83
111,57
111,108
111,6
111,40
111,50
111,172
111,1
111,2
111,41
111,1
111,49
111,23
111,87
111,5
111,47
111,5
111,12
111,3
111,11
111,69
111,41
111,11
111,38
111,3
111,2
111,47
111,18
111,54
111,21
111,15
111,7
111,11
111,9
111,6
111,13
111,62
111,93
111,76
111,18
111,131
111,3
111,9
111,77
111,1
111,50
111,1
111,11
111,7
111,58
111,27
111,16
111,127
111,9
111,10
111,1
111,43
111,1
111,4
111,25
111,48
111,6
111,36
111,28
111,0
111,8
111,0
111,1
111,9
111,0
111,0
111,9
111,7
111,3
111,5
111,2
111,4
111,12
111,2
111,1
111,1
111,1
111,0
111,0
110,254
110,4
110,49
110,212
110,23
110,127
110,10
110,32
110,5
110,89
110,20
110,36
110,20
110,59
110,14
110,89
110,69
110,123
110,5
110,110
110,5
110,230
110,132
110,38
110,56
110,12
110,89
110,15
110,13
110,130
110,109
110,1
110,30
110,2
110,43
110,17
110,27
110,22
110,41
110,0
110,46
110,6
110,75
110,129
110,67
110,33
110,75
110,30
110,1
110,87
110,132
110,70
110,16
110,0
110,5
110,7
110,7
110,2
110,12
110,84
110,70
110,0
110,48
110,34
110,71
110,27
110,7
110,3
110,22
110,6
110,1
110,4
110,11
110,15
110,123
110,2
110,4
110,11
110,29
110,2
110,0
110,39
110,54
110,1
110,17
110,1
110,4
110,1
110,47
110,0
110,56
110,21
110,35
110,13
110,41
110,21
110,6
110,15
110,21
110,3
110,18
110,5
110,8
110,12
110,3
110,9
110,34
110,2
110,14
110,4
110,0
110,8
110,0
109,3
109,62
109,221
109,7
109,44
109,51
109,135
109,13
109,0
109,72
109,122
109,33
109,23
109,26
109,64
109,83
109,113
109,50
109,43
109,123
109,66
109,35
109,8
109,56
109,21
109,47
109,25
109,9
109,9
109,1
108,8
108,8
108,234
108,105
108,0
108,36
108,25
107,39
107,1
107,117
107,41
107,5
107,1
107,8
106,10
106,38
106,69
106,37
106,8
106,122
106,8
106,96
106,8
106,19
106,8
105,15
105,65
105,25
105,41
105,50
105,190
105,0
105,25
105,3
105,27
105,0
105,100
105,235
105,19
105,39
105,25
105,73
105,74
105,25
105,28
105,56
105,48
105,32
105,39
105,66
105,51
105,72
105,59
105,102
105,11
105,2
105,30
105,103
105,33
105,24
105,75
105,2
105,90
105,54
105,14
105,30
105,21
105,74
105,0
105,25
105,59
105,9
105,37
105,10
105,7
105,22
105,0
105,4
105,15
105,1
105,2
105,2
105,0
104,265
104,47
104,1
104,10
104,46
104,80
104,55
104,27
104,38
104,29
104,10
104,18
104,8
104,65
104,36
104,14
104,42
104,1
104,0
104,19
104,21
104,4
104,16
104,12
104,5
104,4
103,22
103,1
103,85
103,151
103,42
103,140
103,66
103,43
103,28
103,35
103,6
103,33
103,10
103,2
103,4
103,7
103,1
103,1
103,0
102,23
102,0
102,146
102,16
102,30
102,49
102,116
102,30
102,32
102,16
102,0
102,1
102,0
102,21
102,10
102,15
102,11
102,1
102,7
102,1
102,3
102,0
102,9
102,2
102,4
102,2
102,4
102,1
102,0
102,2
102,4
102,1
102,0
101,19
101,0
101,384
101,35
101,66
101,85
101,43
101,22
101,104
101,163
101,12
101,22
101,0
101,285
101,0
101,58
101,0
101,19
101,273
101,1
101,12
101,571
101,157
101,11
101,7
101,7
101,7
101,23
101,8
101,66
101,105
101,77
101,20
101,96
101,163
101,2
101,6
101,80
101,13
101,0
101,16
101,9
101,51
101,75
101,1
101,48
101,0
101,59
101,8
101,136
101,4
101,65
101,43
101,231
101,0
101,54
101,5
101,0
101,21
101,4
101,18
101,34
101,1
101,51
101,0
101,57
101,40
101,2
101,44
101,30
101,68
101,0
101,44
101,3
101,127
101,71
101,202
101,70
101,4
101,1
101,73
101,0
101,94
101,23
101,36
101,15
101,64
101,0
101,39
101,102
101,19
101,5
101,9
101,5
101,45
101,32
101,5
101,3
101,9
101,20
101,34
101,6
101,4
101,5
101,16
101,19
101,57
101,29
101,11
101,12
101,36
101,42
101,159
101,0
101,0
101,6
101,33
101,124
101,0
101,269
101,1
101,39
101,4
101,149
101,23
101,43
101,45
101,59
101,12
101,74
101,53
101,61
101,2
101,72
101,134
101,85
101,57
101,103
101,8
101,127
101,52
101,55
101,42
101,4
101,17
101,84
101,35
101,102
101,75
101,41
101,27
101,53
101,1
101,16
101,0
101,0
101,50
101,4
101,170
101,10
101,6
101,2
101,126
101,65
101,2
101,46
101,26
101,2
101,41
101,17
101,61
101,30
101,1
101,107
101,3
101,6
101,4
101,71
101,1
101,124
101,51
101,23
101,9
101,39
101,0
101,23
101,28
101,52
101,36
101,33
101,42
101,57
101,19
101,29
101,24
101,23
101,1
101,9
101,107
101,49
101,9
101,43
101,1
101,29
101,38
101,1
101,26
101,11
101,60
101,0
101,20
101,10
101,10
101,21
101,15
101,71
101,7
101,22
101,13
101,8
101,85
101,1
101,1
101,7
101,18
101,9
101,5
101,3
101,5
101,25
101,22
101,12
101,0
101,1
101,1
101,4
101,9
101,6
101,11
101,2
101,17
101,16
101,6
101,0
101,3
101,3
101,3
101,0
101,0
101,39
101,0
101,3
101,10
101,8
101,0
101,1
101,7
101,2
101,8
101,0
101,0
101,0
101,2
101,0
101,3
101,0
101,0
100,1
100,3
100,193
100,39
100,0
100,27
100,17
100,0
100,192
100,186
100,32
100,84
100,10
100,23
100,0
100,106
100,105
100,192
100,4
100,8
100,218
100,35
100,40
100,79
100,12
100,30
100,55
100,46
100,5
100,167
100,137
100,70
100,25
100,30
100,112
100,5
100,16
100,51
100,54
100,36
100,70
100,128
100,48
100,185
100,51
100,3
100,36
100,0
100,3
100,0
100,23
100,17
100,227
100,70
100,87
100,0
100,68
100,32
100,6
100,118
100,44
100,206
100,26
100,84
100,11
100,98
100,70
100,37
100,24
100,30
100,0
100,23
100,21
100,198
100,47
100,7
100,115
100,50
100,8
100,14
100,25
100,0
100,137
100,14
100,78
100,14
100,81
100,10
100,26
100,3
100,7
100,0
100,54
100,0
100,10
100,7
100,169
100,0
100,66
100,1
100,15
100,21
100,23
100,134
100,20
100,87
100,23
100,15
100,47
100,12
100,13
100,35
100,10
100,39
100,21
100,10
100,8
100,39
100,7
100,1
100,0
100,16
100,4
100,2
100,5
100,53
100,30
100,49
100,1
100,1
100,17
100,12
100,27
100,7
100,1
100,10
100,7
100,11
100,5
100,6
100,4
100,1
100,1
100,7
100,0
100,1
100,2
100,0
100,0
100,0
100,1
99,35
99,17
99,19
99,218
99,3
99,14
99,36
99,10
99,26
99,3
99,112
99,148
99,7
99,36
99,52
99,186
99,76
99,127
99,11
99,2
99,42
99,306
99,11
99,58
99,10
99,1
99,264
99,86
99,96
99,170
99,140
99,78
99,17
99,44
99,8
99,103
99,6
99,36
99,197
99,132
99,128
99,114
99,52
99,107
99,36
99,33
99,77
99,56
99,32
99,524
99,377
99,4
99,31
99,50
99,222
99,261
99,0
99,165
99,36
99,50
99,70
99,5
99,37
99,105
99,19
99,42
99,347
99,45
99,337
99,194
99,138
99,3
99,61
99,60
99,34
99,9
99,0
99,3
99,6
99,5
99,0
99,24
99,37
99,37
99,0
99,87
99,46
99,83
99,147
99,78
99,78
99,19
99,46
99,42
99,34
99,19
99,1
99,16
99,30
99,18
99,2
99,62
99,30
99,50
99,13
99,38
99,37
99,24
99,40
99,42
99,0
99,66
99,35
99,5
99,5
99,105
99,24
99,13
99,55
99,5
99,17
99,11
99,62
99,24
99,62
99,27
99,59
99,13
99,54
99,110
99,3
99,5
99,9
99,6
99,51
99,38
99,35
99,5
99,36
99,51
99,80
99,26
99,120
99,22
99,40
99,22
99,23
99,1
99,15
99,0
99,11
99,17
99,6
99,74
99,11
99,6
99,10
99,10
99,17
99,40
99,13
99,38
99,15
99,17
99,12
99,0
99,1
99,24
99,1
99,0
99,5
99,11
99,14
99,18
99,11
99,7
99,20
99,6
99,27
99,10
99,7
99,3
99,14
99,19
99,1
99,7
99,2
99,0
99,0
99,1
99,0
99,2
99,0
99,2
99,1
99,0
99,0
98,110
98,220
98,163
98,29
98,42
98,133
98,132
98,30
98,74
98,43
98,0
98,87
98,1
98,19
98,0
98,115
98,24
98,116
98,76
98,87
98,64
98,52
98,8
98,4
98,44
98,86
98,83
98,1
98,0
98,16
98,18
98,26
98,3
98,5
98,2
98,2
98,0
98,2
97,36
97,157
97,21
97,27
97,77
97,81
97,6
97,0
97,74
97,2
96,162
96,124
96,25
96,29
96,46
96,11
96,88
96,68
96,47
96,24
96,67
96,5
96,37
96,1
96,3
96,40
96,27
96,1
96,0
96,24
96,5
95,114
95,95
95,42
95,1
95,51
95,2
95,0
95,175
95,132
95,10
95,98
95,82
95,13
95,157
95,96
95,14
95,51
95,96
95,123
95,2
95,31
95,53
95,226
95,113
95,2
95,78
95,13
95,16
95,0
95,103
95,65
95,34
95,25
95,18
95,197
95,68
95,88
95,21
95,21
95,188
95,44
95,15
95,79
95,0
95,167
95,1
95,0
95,12
95,7
95,3
95,149
95,167
95,3
95,205
95,2
95,58
95,45
95,2
95,6
95,1
95,50
95,0
95,5
95,24
95,3
95,88
95,25
95,62
95,50
95,26
95,10
95,57
95,73
95,6
95,103
95,21
95,20
95,21
95,32
95,91
95,31
95,63
95,1
95,53
95,2
95,27
95,13
95,22
95,0
95,19
95,17
95,7
95,8
95,1
95,0
95,0
95,0
95,0
95,2
95,20
95,3
95,13
95,4
95,0
95,2
95,11
95,9
95,12
95,3
95,0
95,7
95,8
95,2
95,0
95,2
95,0
94,7
94,234
94,10
94,89
94,67
94,8
94,16
94,3
94,37
94,27
94,9
94,51
94,82
94,140
94,102
94,20
94,47
94,67
94,164
94,43
94,183
94,144
94,34
94,0
94,55
94,100
94,1
94,108
94,59
94,3
94,5
94,9
94,149
94,54
94,1
94,1
94,22
94,20
94,20
94,83
94,30
94,29
94,1
94,23
94,1
94,3
94,14
94,0
94,31
94,52
94,32
94,24
94,63
94,4
94,43
94,3
94,33
94,71
94,28
94,8
94,25
94,5
94,1
94,34
94,56
94,58
94,45
94,19
94,25
94,0
94,8
94,1
94,0
94,1
94,0
94,19
94,0
94,0
93,99
93,175
93,44
93,67
93,53
93,158
93,0
93,75
93,62
93,39
93,41
93,1
93,106
93,0
93,12
93,3
93,1
93,0
93,103
93,20
93,51
93,13
93,8
93,11
93,2
93,5
93,6
93,0
92,17
92,249
92,0
92,98
92,24
92,34
92,22
92,14
92,136
92,85
92,43
92,17
92,60
92,23
92,16
92,18
92,10
92,0
92,15
92,30
92,77
92,32
92,84
92,7
92,27
92,31
92,3
92,3
92,26
92,0
92,3
92,1
92,7
92,9
92,5
92,5
92,8
92,1
92,3
92,2
92,5
92,0
92,1
92,1
92,1
92,2
92,1
90,14
90,9
90,24
90,91
90,259
90,9
90,43
90,810
90,129
90,243
90,24
90,59
90,154
90,132
90,85
90,32
90,0
90,11
90,20
90,2
90,33
90,95
90,60
90,147
90,37
90,181
90,5
90,49
90,4
90,4
90,41
90,84
90,17
90,354
90,118
90,0
90,110
90,1
90,1
90,4
90,8
90,33
90,57
90,87
90,27
90,12
90,19
90,2
90,116
90,64
90,73
90,128
90,177
90,79
90,25
90,26
90,54
90,139
90,5
90,39
90,35
90,1
90,24
90,3
90,103
90,24
90,40
90,74
90,31
90,284
90,7
90,18
90,17
90,65
90,8
90,12
90,0
90,54
90,67
90,21
90,17
90,9
90,5
90,4
90,304
90,58
90,58
90,1
90,28
90,32
90,68
90,1
90,37
90,38
90,263
90,136
90,43
90,59
90,68
90,0
90,144
90,57
90,69
90,47
90,44
90,3
90,89
90,41
90,147
90,119
90,220
90,48
90,27
90,9
90,327
90,14
90,6
90,10
90,10
90,37
90,64
90,0
90,164
90,68
90,1
90,111
90,34
90,24
90,90
90,17
90,38
90,1
90,0
90,9
90,96
90,7
90,52
90,2
90,69
90,41
90,31
90,17
90,27
90,72
90,8
90,39
90,19
90,25
90,21
90,34
90,0
90,52
90,12
90,34
90,7
90,0
90,14
90,39
90,23
90,1
90,10
90,35
90,2
90,37
90,30
90,0
90,17
90,15
90,52
90,0
90,8
90,9
90,41
90,19
90,25
90,156
90,11
90,82
90,27
90,78
90,3
90,49
90,18
90,29
90,67
90,43
90,16
90,70
90,39
90,2
90,45
90,4
90,23
90,24
90,0
90,70
90,13
90,30
90,83
90,16
90,82
90,46
90,0
90,65
90,59
90,2
90,6
90,57
90,23
90,6
90,20
90,37
90,56
90,32
90,11
90,44
90,23
90,52
90,44
90,24
90,12
90,7
90,1
90,47
90,17
90,2
90,92
90,111
90,12
90,0
90,15
90,60
90,15
90,1
90,0
90,45
90,27
90,3
90,15
90,5
90,5
90,0
90,0
90,0
90,4
90,3
90,0
90,23
90,30
90,45
90,16
90,24
90,32
90,3
90,11
90,20
90,0
90,39
90,0
90,11
90,0
90,9
90,36
90,0
90,4
90,0
90,1
90,28
90,20
90,10
90,12
90,7
90,6
90,69
90,15
90,23
90,13
90,30
90,3
90,11
90,7
90,1
90,16
90,29
90,13
90,8
90,6
90,12
90,13
90,5
90,22
90,14
90,2
90,0
90,13
90,0
90,11
90,6
90,1
90,8
90,7
90,0
90,1
90,0
90,5
90,0
90,0
90,0
90,0
90,0
90,2
90,5
90,3
90,0
90,1
90,0
90,1
90,0
90,0
90,0
90,0
90,0
89,13
89,81
89,11
89,4
89,63
89,0
89,5
89,275
89,103
89,146
89,7
89,7
89,1
89,8
89,58
89,87
89,63
89,39
89,23
89,268
89,25
89,272
89,110
89,40
89,1
89,12
89,136
89,52
89,149
89,77
89,24
89,57
89,192
89,1
89,11
89,115
89,0
89,64
89,18
89,35
89,19
89,17
89,91
89,9
89,12
89,11
89,41
89,39
89,41
89,0
89,13
89,7
89,17
89,29
89,28
89,51
89,8
89,45
89,62
89,0
89,26
89,22
89,12
89,10
89,11
89,11
89,62
89,0
89,0
89,3
89,12
89,2
89,0
89,0
89,5
89,5
89,3
89,1
89,1
89,1
89,1
88,73
88,1
88,1
88,46
88,238
88,12
88,27
88,37
88,100
88,0
88,2
88,104
88,36
88,42
88,0
88,4
88,7
88,2
88,4
88,154
88,16
88,80
88,66
88,2
88,1
88,3
88,0
88,24
88,1
88,9
88,5
87,180
87,30
87,73
87,5
87,0
86,35
86,1
86,276
86,46
86,3
86,79
86,0
86,7
86,110
86,17
86,2
86,81
86,219
86,18
86,80
86,31
86,71
86,73
86,64
86,1
86,0
85,166
85,11
85,216
85,28
85,121
85,50
85,155
85,127
85,34
85,98
85,51
85,394
85,34
85,81
85,0
85,94
85,93
85,4
85,0
85,9
85,0
85,113
85,189
85,52
85,0
85,0
85,3
85,41
85,12
85,0
85,64
85,21
85,167
85,200
85,41
85,11
85,72
85,62
85,64
85,28
85,0
85,48
85,45
85,124
85,57
85,140
85,162
85,76
85,12
85,55
85,10
85,1
85,58
85,79
85,139
85,59
85,12
85,9
85,7
85,75
85,27
85,102
85,8
85,65
85,3
85,0
85,24
85,18
85,4
85,134
85,95
85,36
85,26
85,61
85,4
85,10
85,95
85,12
85,0
85,31
85,38
85,20
85,7
85,72
85,44
85,47
85,35
85,34
85,10
85,3
85,80
85,58
85,0
85,46
85,90
85,10
85,15
85,46
85,41
85,0
85,8
85,12
85,14
85,16
85,41
85,37
85,4
85,0
85,21
85,7
85,8
85,1
85,2
85,1
85,0
85,1
85,0
85,0
84,24
84,0
84,199
84,0
84,88
84,126
84,434
84,54
84,12
84,110
84,29
84,32
84,165
84,21
84,88
84,29
84,42
84,76
84,0
84,3
84,0
84,0
84,53
84,85
84,1
84,91
84,3
84,10
84,24
84,77
84,15
84,18
84,31
84,314
84,52
84,4
84,45
84,53
84,41
84,1
84,2
84,1
84,4
84,74
84,91
84,30
84,7
84,18
84,31
84,109
84,30
84,23
84,30
84,18
84,23
84,38
84,6
84,24
84,13
84,15
84,27
84,17
84,21
84,1
84,17
84,25
84,0
84,1
84,17
84,12
84,0
84,10
84,6
84,1
84,1
83,15
83,17
83,66
83,32
83,63
83,139
83,8
83,25
83,85
83,17
83,23
83,34
83,7
83,72
83,40
83,6
83,55
83,28
83,71
83,52
83,5
83,11
83,11
83,9
83,2
82,19
82,14
82,1
82,1
82,0
82,28
82,121
82,62
82,16
82,40
82,2
82,34
82,2
82,86
82,1
82,2
82,2
82,0
80,51
80,69
80,34
80,65
80,73
80,139
80,15
80,0
80,49
80,39
80,1
80,0
80,0
80,22
80,0
80,30
80,21
80,129
80,45
80,3
80,0
80,0
80,1
80,0
80,0
80,11
80,0
80,19
80,340
80,12
80,12
80,42
80,10
80,8
80,72
80,68
80,170
80,136
80,63
80,1
80,26
80,0
80,95
80,47
80,43
80,3
80,162
80,134
80,0
80,56
80,29
80,17
80,63
80,5
80,3
80,76
80,0
80,10
80,12
80,122
80,38
80,26
80,35
80,144
80,0
80,12
80,0
80,24
80,340
80,3
80,3
80,6
80,0
80,3
80,9
80,165
80,0
80,1
80,165
80,0
80,17
80,23
80,13
80,243
80,67
80,51
80,109
80,16
80,1
80,11
80,161
80,4
80,0
80,27
80,127
80,7
80,26
80,1
80,197
80,187
80,100
80,0
80,32
80,53
80,15
80,12
80,123
80,47
80,98
80,81
80,20
80,12
80,22
80,26
80,72
80,87
80,70
80,4
80,16
80,0
80,2
80,15
80,0
80,76
80,21
80,64
80,0
80,102
80,71
80,23
80,0
80,3
80,29
80,28
80,50
80,73
80,20
80,159
80,66
80,78
80,83
80,45
80,14
80,9
80,1
80,1
80,1
80,8
80,83
80,2
80,20
80,0
80,99
80,122
80,38
80,15
80,26
80,45
80,38
80,2
80,0
80,3
80,99
80,34
80,36
80,0
80,1
80,4
80,3
80,3
80,5
80,14
80,21
80,154
80,4
80,14
80,9
80,8
80,15
80,0
80,51
80,2
80,61
80,57
80,39
80,71
80,11
80,4
80,62
80,46
80,10
80,5
80,101
80,130
80,6
80,40
80,3
80,14
80,28
80,40
80,0
80,85
80,0
80,47
80,47
80,54
80,10
80,2
80,31
80,45
80,0
80,79
80,1
80,61
80,0
80,12
80,15
80,20
80,0
80,40
80,0
80,12
80,16
80,25
80,44
80,20
80,1
80,0
80,13
80,25
80,14
80,10
80,42
80,0
80,0
80,7
80,146
80,4
80,22
80,45
80,8
80,8
80,0
80,80
80,1
80,0
80,7
80,21
80,5
80,6
80,9
80,1
80,0
80,1
80,1
80,20
80,20
80,36
80,15
80,20
80,13
80,20
80,2
80,12
80,0
80,9
80,9
80,17
80,1
80,0
80,12
80,11
80,0
80,35
80,11
80,2
80,0
80,8
80,2
80,8
80,3
80,0
80,5
80,1
80,0
80,9
80,1
80,3
80,0
80,4
80,1
80,3
80,3
80,3
80,0
80,3
80,0
79,3
79,340
79,11
79,0
79,7
79,56
79,46
79,273
79,0
79,7
79,3
79,1
79,2
79,155
79,84
79,59
79,41
79,6
79,148
79,69
79,10
79,0
79,67
79,1
79,89
79,92
79,20
79,77
79,20
79,117
79,2
79,35
79,21
79,9
79,61
79,1
79,67
79,29
79,81
79,97
79,34
79,12
79,10
79,55
79,29
79,70
79,67
79,9
79,2
79,9
79,94
79,45
79,10
79,2
79,1
79,32
79,2
79,2
79,3
79,30
79,11
79,8
79,25
79,8
79,14
79,7
79,2
79,0
79,1
79,0
78,175
78,116
78,21
78,34
78,8
78,53
78,66
78,30
78,2
78,31
78,28
78,0
78,4
78,9
77,0
77,29
76,9
76,222
76,8
76,199
76,42
76,10
76,47
76,5
76,5
76,13
76,1
76,23
75,3
75,293
75,58
75,18
75,16
75,0
75,7
75,154
75,47
75,54
75,34
75,56
75,46
75,10
75,3
75,6
75,45
75,1
75,122
75,103
75,77
75,0
75,158
75,94
75,24
75,0
75,4
75,31
75,55
75,4
75,19
75,12
75,71
75,80
75,1
75,15
75,125
75,0
75,1
75,13
75,173
75,45
75,57
75,77
75,96
75,110
75,3
75,0
75,70
75,0
75,75
75,0
75,8
75,98
75,28
75,3
75,27
75,0
75,1
75,60
75,9
75,12
75,2
75,0
75,0
75,3
75,0
75,0
75,0
75,93
75,32
75,114
75,1
75,0
75,11
75,0
75,0
75,11
75,35
75,8
75,7
75,56
75,2
75,8
75,95
75,12
75,16
75,0
75,28
75,17
75,3
75,105
75,52
75,38
75,76
75,84
75,24
75,17
75,67
75,0
75,104
75,2
75,101
75,22
75,10
75,13
75,80
75,47
75,16
75,129
75,27
75,29
75,4
75,8
75,32
75,23
75,6
75,24
75,3
75,2
75,4
75,13
75,5
75,0
75,19
75,6
75,23
75,12
75,8
75,1
75,0
75,4
75,1
74,3
74,17
74,5
74,37
74,30
74,16
74,88
74,0
74,7
74,6
74,24
74,0
74,68
74,122
74,160
74,14
74,153
74,97
74,4
74,86
74,0
74,27
74,201
74,7
74,109
74,42
74,91
74,61
74,83
74,38
74,81
74,10
74,40
74,37
74,83
74,4
74,98
74,86
74,201
74,59
74,239
74,30
74,0
74,6
74,1
74,96
74,22
74,11
74,0
74,19
74,27
74,48
74,59
74,94
74,11
74,6
74,3
74,1
74,0
74,0
74,39
74,53
74,69
74,0
74,17
74,29
74,7
74,3
74,44
74,7
74,0
74,9
74,0
74,0
74,1
74,10
74,3
74,0
74,1
73,10
73,75
73,1
73,37
73,1
73,1
72,0
72,36
72,44
72,15
72,0
72,0
72,60
72,7
72,39
72,6
72,94
72,75
72,82
72,35
72,1
72,0
72,30
72,23
72,0
72,3
72,1
72,2
72,37
72,1
72,0
70,186
70,46
70,89
70,24
70,3
70,0
70,78
70,0
70,109
70,7
70,0
70,0
70,176
70,0
70,0
70,15
70,20
70,0
70,205
70,0
70,38
70,0
70,0
70,2
70,1
70,117
70,113
70,2
70,136
70,0
70,0
70,0
70,96
70,0
70,6
70,64
70,0
70,4
70,96
70,144
70,117
70,0
70,155
70,22
70,180
70,70
70,14
70,2
70,88
70,6
70,18
70,2
70,40
70,0
70,38
70,136
70,87
70,166
70,14
70,3
70,7
70,1
70,0
70,0
70,173
70,17
70,0
70,27
70,0
70,37
70,46
70,0
70,0
70,12
70,0
70,22
70,109
70,1
70,1
70,0
70,9
70,95
70,2
70,20
70,55
70,51
70,97
70,0
70,104
70,24
70,95
70,4
70,24
70,61
70,0
70,0
70,10
70,6
70,85
70,28
70,0
70,2
70,0
70,0
70,234
70,107
70,2
70,24
70,14
70,2
70,146
70,23
70,2
70,0
70,2
70,13
70,140
70,41
70,36
70,202
70,204
70,20
70,6
70,2
70,56
70,34
70,32
70,149
70,6
70,89
70,7
70,9
70,33
70,7
70,1
70,138
70,245
70,96
70,0
70,4
70,3
70,85
70,1
70,13
70,23
70,71
70,11
70,1
70,37
70,129
70,19
70,0
70,65
70,35
70,0
70,61
70,18
70,39
70,8
70,52
70,12
70,29
70,31
70,10
70,0
70,17
70,10
70,20
70,0
70,44
70,0
70,1
70,1
70,4
70,10
70,13
70,7
70,0
70,19
70,21
70,56
70,8
70,15
70,0
70,37
70,6
70,0
70,50
70,9
70,20
70,3
70,17
70,6
70,8
70,1
70,1
70,17
70,6
70,0
70,2
70,2
70,15
70,2
70,10
70,2
70,17
70,8
70,2
70,1
70,0
70,17
70,0
70,19
70,0
70,1
70,4
70,1
70,0
70,0
70,1
70,1
70,0
70,0
70,0
70,0
69,1
69,13
69,0
69,51
69,1
69,351
69,43
69,127
69,4
69,0
69,76
69,21
69,72
69,52
69,24
69,29
69,74
69,72
69,112
69,108
69,64
69,109
69,94
69,82
69,41
69,32
69,20
69,237
69,16
69,67
69,134
69,15
69,131
69,18
69,17
69,10
69,0
69,5
69,11
69,45
69,38
69,50
69,10
69,4
69,2
69,7
69,9
69,0
69,0
69,1
68,6
68,78
68,6
68,74
68,55
68,3
68,83
68,290
68,0
68,127
68,0
68,29
68,0
68,5
68,8
67,14
67,13
67,1
67,104
67,15
67,25
66,107
66,58
66,56
66,29
66,0
66,0
66,256
66,98
66,70
66,1
66,22
66,23
66,27
66,44
66,40
66,23
66,22
66,23
66,44
66,18
66,11
66,29
66,0
66,6
66,0
65,71
65,57
65,0
65,9
65,12
65,236
65,70
65,166
65,203
65,115
65,51
65,128
65,1
65,2
65,0
65,2
65,18
65,0
65,128
65,14
65,94
65,48
65,119
65,63
65,1
65,19
65,93
65,13
65,1
65,80
65,72
65,0
65,0
65,54
65,140
65,12
65,49
65,2
65,0
65,106
65,148
65,3
65,3
65,100
65,27
65,0
65,88
65,117
65,46
65,28
65,27
65,127
65,0
65,79
65,69
65,89
65,79
65,59
65,79
65,71
65,75
65,82
65,1
65,0
65,1
65,3
65,0
65,8
65,52
65,211
65,0
65,2
65,54
65,9
65,18
65,3
65,67
65,126
65,2
65,0
65,18
65,72
65,22
65,14
65,9
65,12
65,24
65,6
65,27
65,62
65,26
65,9
65,42
65,17
65,1
65,8
65,3
65,10
65,16
65,2
65,4
65,2
65,10
65,0
65,7
65,2
65,3
65,0
65,0
65,4
65,4
65,1
65,1
65,0
65,0
64,7
64,5
64,1
64,2
64,37
64,20
64,15
64,8
64,153
64,29
64,0
64,0
64,36
64,75
64,196
64,4
64,95
64,54
64,0
64,22
64,0
64,44
64,104
64,88
64,136
64,75
64,196
64,26
64,7
64,9
64,1
64,1
64,0
64,0
64,24
64,0
64,1
64,5
64,0
64,0
64,0
64,1
64,82
64,8
64,1
64,14
64,21
64,2
64,0
64,15
64,7
64,5
64,1
64,3
64,0
64,12
64,8
64,56
64,15
64,2
64,6
64,8
64,2
64,9
64,5
64,5
64,1
64,0
64,2
64,2
64,2
63,37
63,21
63,59
63,14
63,2
63,134
63,25
63,3
62,233
62,49
62,0
62,62
62,194
62,2
62,0
62,10
62,2
62,1
62,4
62,0
61,79
61,14
61,6
61,34
61,0
61,6
61,17
61,0
60,0
60,47
60,143
60,8
60,16
60,4
60,44
60,117
60,7
60,1
60,97
60,16
60,50
60,49
60,118
60,11
60,20
60,5
60,21
60,1
60,2
60,0
60,6
60,1
60,23
60,0
60,5
60,0
60,2
60,4
60,0
60,2
60,5
60,1
60,2
60,97
60,39
60,0
60,0
60,1
60,0
60,0
60,16
60,0
60,16
60,4
60,167
60,68
60,0
60,45
60,142
60,1
60,2
60,32
60,4
60,91
60,0
60,2
60,37
60,0
60,0
60,2
60,8
60,5
60,0
60,8
60,0
60,1
60,2
60,36
60,1
60,1
60,32
60,11
60,55
60,0
60,90
60,41
60,30
60,7
60,10
60,0
60,5
60,11
60,0
60,7
60,0
60,0
60,22
60,46
60,0
60,13
60,26
60,0
60,1
60,1
60,2
60,0
60,14
60,18
60,0
60,0
60,0
60,5
60,0
60,81
60,30
60,1
60,0
60,0
60,2
60,59
60,69
60,57
60,7
60,2
60,62
60,36
60,0
60,50
60,52
60,116
60,65
60,27
60,55
60,19
60,0
60,82
60,0
60,20
60,115
60,1
60,62
60,3
60,0
60,2
60,1
60,0
60,33
60,8
60,12
60,2
60,9
60,14
60,0
60,6
60,7
60,1
60,45
60,0
60,4
60,32
60,0
60,24
60,56
60,5
60,13
60,95
60,2
60,2
60,29
60,0
60,36
60,1
60,1
60,22
60,16
60,21
60,69
60,2
60,0
60,65
60,8
60,3
60,19
60,0
60,73
60,0
60,0
60,1
60,0
60,0
60,7
60,3
60,0
60,7
60,46
60,1
60,0
60,0
60,15
60,20
60,0
60,15
60,13
60,14
60,7
60,0
60,20
60,0
60,11
60,30
60,0
60,0
60,5
60,2
60,2
60,1
60,1
60,8
60,11
60,0
60,12
60,13
60,12
60,3
60,0
60,1
60,1
60,3
60,0
60,18
60,0
60,8
60,0
60,0
60,0
60,2
60,3
60,0
60,0
60,1
60,1
60,1
60,0
60,1
60,1
59,6
59,0
59,57
59,52
59,130
59,185
59,128
59,184
59,4
59,40
59,16
59,0
59,9
59,2
59,116
59,55
59,17
59,44
59,1
59,62
59,66
59,21
59,0
59,0
59,7
59,50
59,60
59,1
59,31
59,52
59,23
59,73
59,84
59,1
59,222
59,54
59,32
59,15
59,40
59,50
59,12
59,12
59,9
59,9
59,18
59,0
59,74
59,0
59,24
59,4
59,34
59,1
59,1
59,4
59,2
57,9
57,25
57,0
57,20
57,0
57,0
57,0
57,169
57,1
57,3
57,4
57,32
57,32
57,45
57,4
57,1
57,2
57,1
57,5
57,1
56,26
56,34
56,1
56,21
56,1
56,39
56,7
56,5
55,215
55,39
55,1
55,1
55,65
55,2
55,41
55,0
55,0
55,6
55,91
55,0
55,0
55,0
55,0
55,70
55,3
55,3
55,47
55,17
55,0
55,0
55,14
55,14
55,18
55,7
55,378
55,1
55,158
55,112
55,58
55,140
55,11
55,121
55,37
55,2
55,59
55,83
55,13
55,0
55,11
55,90
55,0
55,48
55,38
55,0
55,2
55,1
55,22
55,1
55,22
55,33
55,0
55,92
55,0
55,2
55,73
55,1
55,1
55,2
55,63
55,0
55,18
55,21
55,1
55,30
55,49
55,15
55,2
55,1
55,2
55,55
55,29
55,42
55,25
55,0
55,11
55,11
55,6
55,4
55,4
55,6
55,1
55,8
55,2
55,4
55,1
55,1
55,0
55,0
54,5
54,5
54,7
54,24
54,64
54,17
54,4
54,2
54,0
54,128
54,186
54,36
54,15
54,70
54,18
54,27
54,1
54,20
54,38
54,12
54,76
54,27
54,46
54,0
54,2
54,6
54,1
54,10
54,0
54,22
54,38
54,14
54,27
54,13
54,0
54,2
54,0
54,0
54,0
54,0
54,0
53,28
53,0
53,83
53,156
53,9
53,0
53,51
53,7
53,4
53,0
53,13
53,69
53,1
53,35
53,0
53,3
52,196
52,14
52,0
52,38
52,93
52,8
52,0
52,10
52,5
52,54
52,0
52,3
52,2
52,13
51,8
51,9
51,199
51,27
51,29
51,1
51,7
50,214
50,22
50,35
50,0
50,3
50,93
50,218
50,11
50,0
50,15
50,88
50,29
50,65
50,55
50,9
50,15
50,1
50,26
50,100
50,3
50,59
50,2
50,247
50,12
50,25
50,0
50,2
50,29
50,66
50,249
50,2
50,0
50,0
50,0
50,0
50,1
50,0
50,3
50,86
50,21
50,150
50,1
50,0
50,44
50,51
50,5
50,41
50,145
50,0
50,26
50,1
50,137
50,20
50,73
50,0
50,0
50,0
50,0
50,3
50,0
50,74
50,0
50,205
50,21
50,0
50,3
50,4
50,37
50,100
50,0
50,50
50,3
50,319
50,35
50,33
50,2
50,19
50,0
50,126
50,2
50,0
50,62
50,73
50,15
50,119
50,71
50,0
50,0
50,33
50,41
50,12
50,0
50,0
50,12
50,1
50,10
50,2
50,1
50,1
50,0
50,1
50,0
50,29
50,21
50,0
50,0
50,48
50,18
50,8
50,4
50,2
50,1
50,0
50,7
50,0
50,1
50,37
50,8
50,2
50,4
50,16
50,14
50,12
50,109
50,24
50,4
50,0
50,0
50,3
50,17
50,7
50,3
50,37
50,0
50,1
50,1
50,7
50,0
50,0
50,28
50,2
50,10
50,5
50,34
50,1
50,2
50,0
50,0
50,0
50,50
50,64
50,3
50,3
50,44
50,0
50,97
50,65
50,45
50,0
50,0
50,12
50,9
50,5
50,0
50,47
50,8
50,51
50,6
50,18
50,11
50,1
50,0
50,16
50,40
50,71
50,10
50,77
50,0
50,0
50,39
50,6
50,23
50,2
50,0
50,4
50,12
50,1
50,0
50,8
50,13
50,3
50,6
50,29
50,18
50,2
50,26
50,9
50,0
50,21
50,0
50,0
50,13
50,5
50,11
50,14
50,4
50,16
50,18
50,14
50,0
50,2
50,1
50,0
50,11
50,17
50,4
50,3
50,0
50,1
50,16
50,0
50,5
50,9
50,1
50,8
50,1
50,0
50,2
50,1
50,0
50,3
50,0
50,6
50,7
50,2
50,5
50,6
50,0
50,3
50,0
50,0
50,0
49,29
49,56
49,2
49,4
49,140
49,192
49,7
49,1
49,0
49,24
49,0
49,5
49,25
49,6
49,3
49,61
49,30
49,77
49,0
49,19
49,15
49,15
49,0
49,7
49,33
49,3
49,40
49,3
49,5
49,0
49,30
49,2
49,2
49,1
49,4
49,6
49,218
49,43
49,33
49,22
49,3
49,11
49,17
49,5
49,1
49,4
49,0
49,0
49,32
49,1
49,1
49,11
49,1
49,19
49,6
49,0
49,0
47,2
47,14
47,0
47,11
47,37
47,55
47,146
47,111
47,29
47,1
47,1
47,21
47,143
47,3
47,126
47,15
47,15
47,36
47,39
47,38
47,27
47,15
47,8
47,2
47,3
47,7
47,13
47,13
47,0
47,0
47,3
47,0
47,4
47,3
47,3
46,13
46,20
46,102
46,15
46,110
46,4
46,0
46,8
46,3
45,152
45,7
45,3
45,31
45,30
45,70
45,34
45,0
45,0
45,41
45,2
45,1
45,56
45,2
45,0
45,0
45,32
45,2
45,1
45,42
45,0
45,0
45,37
45,0
45,1
45,1
45,49
45,37
45,0
45,2
45,4
45,16
45,111
45,17
45,0
45,22
45,0
45,5
45,3
45,7
45,80
45,28
45,22
45,4
45,72
45,13
45,0
45,12
45,32
45,73
45,0
45,8
45,8
45,15
45,133
45,95
45,2
45,3
45,52
45,5
45,2
45,0
45,1
45,9
45,3
45,10
45,87
45,99
45,0
45,6
45,0
45,13
45,14
45,2
45,46
45,18
45,66
45,5
45,4
45,14
45,28
45,17
45,15
45,0
45,0
45,8
45,11
45,5
45,5
45,3
45,7
45,0
45,1
45,0
45,0
45,2
44,8
44,0
44,61
44,23
44,4
44,7
44,1
44,0
44,0
44,1
44,49
44,2
44,2
44,119
44,44
44,7
44,20
44,30
44,35
44,0
44,29
44,36
44,14
44,6
44,0
44,13
44,64
44,54
44,20
44,0
44,10
44,27
44,2
44,16
44,9
44,6
44,4
44,2
44,15
44,0
44,17
44,28
44,53
44,7
44,1
44,0
44,2
44,0
44,1
44,33
44,1
44,5
44,1
44,0
44,0
44,1
43,5
43,74
43,14
43,0
43,6
43,44
43,29
43,4
43,0
43,58
43,1
43,10
43,133
43,22
43,4
43,2
43,1
43,4
43,2
43,6
43,2
42,4
42,23
42,82
42,78
42,0
42,110
42,16
42,43
42,4
42,11
42,6
42,13
42,0
42,24
42,64
42,88
42,0
42,19
42,0
42,0
42,10
42,0
41,143
41,11
41,133
41,349
41,34
41,11
41,0
41,15
41,32
41,124
41,33
41,31
41,11
41,37
41,0
41,0
40,1
40,93
40,2
40,13
40,408
40,16
40,0
40,7
40,0
40,1
40,0
40,0
40,1
40,0
40,167
40,0
40,12
40,35
40,3
40,46
40,0
40,0
40,0
40,0
40,0
40,3
40,91
40,9
40,2
40,11
40,17
40,24
40,21
40,10
40,53
40,16
40,69
40,56
40,193
40,22
40,6
40,55
40,0
40,1
40,7
40,0
40,0
40,1
40,0
40,13
40,48
40,100
40,32
40,43
40,7
40,18
40,15
40,1
40,1
40,1
40,128
40,1
40,2
40,0
40,14
40,39
40,14
40,108
40,11
40,6
40,200
40,0
40,13
40,0
40,1
40,10
40,0
40,37
40,23
40,26
40,0
40,122
40,9
40,117
40,72
40,6
40,15
40,143
40,0
40,19
40,5
40,0
40,33
40,57
40,7
40,7
40,0
40,1
40,25
40,1
40,2
40,10
40,3
40,13
40,8
40,12
40,10
40,6
40,20
40,14
40,10
40,15
40,2
40,5
40,0
40,3
40,0
40,19
40,2
40,0
40,6
40,8
40,1
40,0
40,5
40,2
40,1
40,0
40,0
40,1
40,0
40,0
40,0
40,0
40,0
40,0
40,0
39,276
39,37
39,3
39,0
39,40
39,89
39,5
39,18
39,56
39,0
39,147
39,0
39,1
39,9
39,59
39,6
39,102
39,29
39,53
39,46
39,30
39,1
39,2
39,0
39,1
39,0
39,23
39,1
39,34
39,34
39,11
39,2
39,26
39,1
39,17
39,1
39,0
39,0
39,22
39,2
39,9
39,12
39,13
39,11
39,0
39,0
39,0
37,7
37,25
37,158
37,5
37,5
37,157
37,0
37,12
37,98
37,77
37,64
37,1
37,26
37,15
37,0
37,13
37,2
37,69
37,42
37,2
37,81
37,23
37,19
37,1
37,13
37,55
37,8
37,8
37,2
37,17
37,1
37,11
37,4
37,4
37,0
37,0
37,0
37,2
37,3
37,1
36,40
36,0
36,35
36,4
36,0
36,0
36,1
36,2
36,44
36,31
36,0
36,6
36,14
36,4
36,8
36,1
36,1
36,8
36,9
36,25
34,47
34,102
34,54
34,80
34,0
34,20
34,0
34,84
34,3
34,8
34,91
34,22
34,77
34,0
34,13
34,22
34,121
34,2
34,35
34,2
34,3
34,76
34,6
34,5
34,3
34,87
34,1
34,8
34,0
34,62
34,47
34,35
34,0
34,73
34,1
34,0
34,0
34,78
34,1
34,11
34,2
34,52
34,92
34,49
34,1
34,9
34,13
34,119
34,1
34,2
34,0
34,1
34,1
34,3
34,2
34,19
34,7
34,30
34,48
34,5
34,2
34,9
34,13
34,8
34,42
34,2
34,7
34,2
34,107
34,4
34,1
34,6
34,2
34,10
34,37
34,0
34,5
34,6
34,2
34,1
34,5
34,0
34,0
34,4
34,30
34,4
34,2
34,2
34,1
34,1
34,0
34,23
34,0
34,13
34,29
34,1
34,18
34,0
34,0
34,2
34,22
34,6
34,10
34,11
34,5
34,2
34,2
34,0
34,1
34,9
34,0
34,1
34,7
34,1
34,0
34,0
34,0
34,1
34,1
34,0
34,0
34,0
34,1
34,0
34,0
33,97
33,6
33,1
33,0
33,1
33,10
33,0
33,7
33,10
33,0
33,44
33,0
33,8
33,2
33,2
32,19
32,10
32,86
32,0
32,14
32,77
32,4
32,253
32,0
32,1
32,0
32,0
32,0
32,14
32,62
32,58
32,11
32,1
32,18
32,1
32,25
32,12
32,0
32,4
32,7
32,3
32,1
32,0
32,0
32,1
31,5
31,4
31,2
31,2
31,251
31,63
31,25
31,4
31,418
31,1
31,20
31,2
31,28
31,4
31,4
31,2
31,8
30,163
30,130
30,1
30,0
30,1
30,0
30,8
30,1
30,1
30,10
30,49
30,33
30,11
30,32
30,3
30,1
30,57
30,9
30,0
30,0
30,0
30,80
30,0
30,0
30,22
30,33
30,0
30,23
30,0
30,3
30,46
30,15
30,4
30,8
30,0
30,0
30,2
30,2
30,0
30,3
30,1
30,139
30,43
30,39
30,5
30,17
30,1
30,36
30,1
30,0
30,0
30,59
30,45
30,15
30,13
30,1
30,36
30,9
30,2
30,0
30,13
30,0
30,7
30,10
30,5
30,6
30,5
30,6
30,1
30,4
30,7
30,12
30,1
30,19
30,4
30,2
30,0
30,3
30,1
30,7
30,0
30,5
30,0
30,0
30,0
30,0
29,1
29,45
29,7
29,21
29,2
29,0
29,33
29,247
29,138
29,20
29,4
29,35
29,1
29,1
29,179
29,30
29,51
29,57
29,11
29,11
29,36
29,2
29,16
29,45
29,6
29,18
29,48
29,1
29,37
29,4
29,11
29,18
29,4
29,1
29,7
29,1
29,0
29,2
27,110
27,12
27,11
27,14
27,0
27,2
27,7
27,2
27,0
27,88
27,46
27,45
27,0
27,11
27,6
27,24
27,47
27,0
27,5
27,1
27,0
27,65
27,9
27,4
27,1
27,6
27,10
27,2
27,1
27,2
27,0
27,6
27,4
27,4
27,0
27,0
27,1
27,0
27,0
26,137
26,3
26,1
26,70
26,4
26,5
26,45
26,43
26,0
26,5
26,9
26,2
26,0
26,1
26,0
24,8
24,59
24,0
24,7
24,6
24,3
24,1
24,0
24,2
24,0
24,54
24,41
24,30
24,0
24,3
24,7
24,23
24,41
24,2
24,0
24,0
24,98
24,84
24,0
24,25
24,21
24,1
24,2
24,4
24,74
24,3
24,19
24,2
24,0
24,26
24,38
24,2
24,7
24,1
24,4
24,4
24,4
24,1
24,13
24,2
24,23
24,7
24,1
24,8
24,13
24,4
24,3
24,10
24,0
24,1
24,0
24,5
24,1
23,20
23,126
23,6
23,17
23,0
23,22
23,3
23,208
23,0
23,25
22,15
22,35
22,1
22,47
22,34
22,0
22,5
22,107
22,7
22,0
22,0
22,1
21,72
21,20
21,0
21,3
20,2
20,0
20,0
20,19
20,0
20,8
20,0
20,1
20,0
20,0
20,1
20,0
20,0
20,1
20,0
20,0
20,0
20,5
20,0
20,1
20,0
20,0
20,2
20,10
20,0
20,5
20,6
20,1
20,3
20,0
20,2
19,10
19,12
19,0
19,0
19,0
19,15
17,2
17,3
17,2
17,10
17,0
17,1
17,2
17,0
17,0
17,3
17,1
17,0
17,1
17,0
17,3
16,0
14,0
14,3
14,18
14,0
14,0
0,6
0,2
0,0
0,0
0,0
